bdc,cik,accession,form,period_end,file_date,identifier,entity,company,type,sector,desc,affil,fv,cost,par,shares,mark,spread,rate,base_rate,pik_rate,pik,maturity,acq,ccy,fv_raw
NMFC,0001496099,0001496099-26-000029,10-Q,2026-06-30,2026-08-03,"Einstein Parent, Inc. | First lien 1",Einstein Parent,Einstein Parent,First Lien,,,,34728000.0,35294000.0,35582000.0,,97.6,5.25,8.91,,,False,,,USD,34728000.0
NMFC,0001496099,0001496099-26-000029,10-Q,2026-06-30,2026-08-03,"Einstein Parent, Inc. | First lien 2",Einstein Parent,Einstein Parent,First Lien,,,,19520000.0,19838000.0,20000000.0,,97.6,5.25,8.91,,,False,,,USD,19520000.0
NMFC,0001496099,0001496099-26-000029,10-Q,2026-06-30,2026-08-03,"Model N, Inc. | First lien 1",Model N,Model N,First Lien,,,,43187000.0,43384000.0,43553000.0,,99.16,4.75,8.48,,,False,,,USD,43187000.0
NMFC,0001496099,0001496099-26-000029,10-Q,2026-06-30,2026-08-03,"Model N, Inc. | First lien 2",Model N,Model N,First Lien,,,,4474000.0,4490000.0,4512000.0,,99.16,4.75,8.42,,,False,,,USD,4474000.0
NMFC,0001496099,0001496099-26-000029,10-Q,2026-06-30,2026-08-03,"Associations, Inc. | First lien",Associations,Associations,First Lien,,,,29871000.0,29862000.0,29871000.0,,100.0,6.5,10.42,,,False,,,USD,29871000.0
NMFC,0001496099,0001496099-26-000029,10-Q,2026-06-30,2026-08-03,"Associations, Inc. | First lien - Drawn",Associations,Associations,First Lien,,,,2010000.0,2009000.0,2010000.0,,100.0,6.5,10.42,,,False,,,USD,2010000.0
NMFC,0001496099,0001496099-26-000029,10-Q,2026-06-30,2026-08-03,"Associations, Inc. | Subordinated 1",Associations,Associations,Subordinated,,,,9842000.0,9828000.0,9842000.0,,100.0,,14.25,,14.25,True,,,USD,9842000.0
NMFC,0001496099,0001496099-26-000029,10-Q,2026-06-30,2026-08-03,"Associations, Inc. | Subordinated 2",Associations,Associations,Subordinated,,,,3758000.0,3753000.0,3758000.0,,100.0,,14.25,,14.25,True,,,USD,3758000.0
NMFC,0001496099,0001496099-26-000029,10-Q,2026-06-30,2026-08-03,"Foundational Education Group, Inc. | First lien",Foundational Education Group,Foundational Education Group,First Lien,,,,5875000.0,5921000.0,6317000.0,,93.0,4.25,8.18,,,False,,,USD,5875000.0
NMFC,0001496099,0001496099-26-000029,10-Q,2026-06-30,2026-08-03,"Foundational Education Group, Inc. | Second lien 1",Foundational Education Group,Foundational Education Group,Second Lien,,,,22500000.0,22444000.0,22500000.0,,100.0,6.5,10.43,,,False,,,USD,22500000.0
NMFC,0001496099,0001496099-26-000029,10-Q,2026-06-30,2026-08-03,"Foundational Education Group, Inc. | Second lien 2",Foundational Education Group,Foundational Education Group,Second Lien,,,,10965000.0,10778000.0,10965000.0,,100.0,6.5,10.43,,,False,,,USD,10965000.0
NMFC,0001496099,0001496099-26-000029,10-Q,2026-06-30,2026-08-03,Deca Dental Holdings LLC | First lien 1,Deca Dental Holdings LLC |,Deca Dental Holdings LLC |,First Lien,,,,32536000.0,36475000.0,36614000.0,,88.86,5.75,9.58,,,False,,,USD,32536000.0
NMFC,0001496099,0001496099-26-000029,10-Q,2026-06-30,2026-08-03,Deca Dental Holdings LLC | First lien 2,Deca Dental Holdings LLC |,Deca Dental Holdings LLC |,First Lien,,,,3425000.0,3839000.0,3854000.0,,88.87,5.75,9.58,,,False,,,USD,3425000.0
NMFC,0001496099,0001496099-26-000029,10-Q,2026-06-30,2026-08-03,Deca Dental Holdings LLC | First lien 3,Deca Dental Holdings LLC |,Deca Dental Holdings LLC |,First Lien,,,,2690000.0,2997000.0,3027000.0,,88.87,5.75,9.58,,,False,,,USD,2690000.0
NMFC,0001496099,0001496099-26-000029,10-Q,2026-06-30,2026-08-03,"Healthspan Buyer, LLC | First lien 1",Healthspan Buyer,Healthspan Buyer,First Lien,,,,32320000.0,32007000.0,32320000.0,,100.0,4.75,8.48,,,False,,,USD,32320000.0
NMFC,0001496099,0001496099-26-000029,10-Q,2026-06-30,2026-08-03,"Healthspan Buyer, LLC | First lien 2",Healthspan Buyer,Healthspan Buyer,First Lien,,,,4992000.0,4958000.0,4992000.0,,100.0,4.75,8.48,,,False,,,USD,4992000.0
NMFC,0001496099,0001496099-26-000029,10-Q,2026-06-30,2026-08-03,MRI Software LLC | First lien 1,MRI Software LLC |,MRI Software LLC |,First Lien,,,,20734000.0,21075000.0,21092000.0,,98.3,4.75,8.48,,,False,,,USD,20734000.0
NMFC,0001496099,0001496099-26-000029,10-Q,2026-06-30,2026-08-03,MRI Software LLC | First lien 2,MRI Software LLC |,MRI Software LLC |,First Lien,,,,7345000.0,7469000.0,7472000.0,,98.3,4.75,8.48,,,False,,,USD,7345000.0
NMFC,0001496099,0001496099-26-000029,10-Q,2026-06-30,2026-08-03,MRI Software LLC | First lien 3,MRI Software LLC |,MRI Software LLC |,First Lien,,,,4375000.0,4449000.0,4450000.0,,98.31,4.75,8.48,,,False,,,USD,4375000.0
NMFC,0001496099,0001496099-26-000029,10-Q,2026-06-30,2026-08-03,MRI Software LLC | First lien 4,MRI Software LLC |,MRI Software LLC |,First Lien,,,,3006000.0,3057000.0,3058000.0,,98.3,4.75,8.48,,,False,,,USD,3006000.0
NMFC,0001496099,0001496099-26-000029,10-Q,2026-06-30,2026-08-03,MRI Software LLC | First lien 5,MRI Software LLC |,MRI Software LLC |,First Lien,,,,767000.0,780000.0,781000.0,,98.21,4.75,8.48,,,False,,,USD,767000.0
NMFC,0001496099,0001496099-26-000029,10-Q,2026-06-30,2026-08-03,MRI Software LLC | First lien - Drawn,MRI Software LLC |,MRI Software LLC |,First Lien,,,,492000.0,498000.0,501000.0,,98.2,4.75,8.48,,,False,,,USD,492000.0
NMFC,0001496099,0001496099-26-000029,10-Q,2026-06-30,2026-08-03,"TigerConnect, Inc. | First lien 1",TigerConnect,TigerConnect,First Lien,,,,29579000.0,29746000.0,29875000.0,,99.01,6.25,10.06,,,False,,,USD,29579000.0
NMFC,0001496099,0001496099-26-000029,10-Q,2026-06-30,2026-08-03,"TigerConnect, Inc. | First lien 2",TigerConnect,TigerConnect,First Lien,,,,3704000.0,3741000.0,3741000.0,,99.01,6.25,10.06,,,False,,,USD,3704000.0
NMFC,0001496099,0001496099-26-000029,10-Q,2026-06-30,2026-08-03,"TigerConnect, Inc. | First lien 3",TigerConnect,TigerConnect,First Lien,,,,3024000.0,3035000.0,3054000.0,,99.02,6.25,10.06,,,False,,,USD,3024000.0
NMFC,0001496099,0001496099-26-000029,10-Q,2026-06-30,2026-08-03,"TigerConnect, Inc. | First lien 4",TigerConnect,TigerConnect,First Lien,,,,41000.0,42000.0,42000.0,,97.62,6.25,10.06,,,False,,,USD,41000.0
NMFC,0001496099,0001496099-26-000029,10-Q,2026-06-30,2026-08-03,"CentralSquare Technologies, LLC | First lien",CentralSquare Technologies,CentralSquare Technologies,First Lien,,,,36322000.0,36021000.0,36322000.0,,100.0,5.75,9.39,,,False,,,USD,36322000.0
NMFC,0001496099,0001496099-26-000029,10-Q,2026-06-30,2026-08-03,"IG Investments Holdings, LLC | First lien 1",IG Investments Holdings,IG Investments Holdings,First Lien,,,,32307000.0,32190000.0,32307000.0,,100.0,5.0,8.66,,,False,,,USD,32307000.0
NMFC,0001496099,0001496099-26-000029,10-Q,2026-06-30,2026-08-03,"IG Investments Holdings, LLC | First lien 2",IG Investments Holdings,IG Investments Holdings,First Lien,,,,2504000.0,2506000.0,2504000.0,,100.0,5.0,8.66,,,False,,,USD,2504000.0
NMFC,0001496099,0001496099-26-000029,10-Q,2026-06-30,2026-08-03,"AAH Topco, LLC | First lien 1",AAH Topco,AAH Topco,First Lien,,,,9451000.0,9422000.0,9451000.0,,100.0,5.25,8.99,,,False,,,USD,9451000.0
NMFC,0001496099,0001496099-26-000029,10-Q,2026-06-30,2026-08-03,"AAH Topco, LLC | First lien 2",AAH Topco,AAH Topco,First Lien,,,,7263000.0,7237000.0,7263000.0,,100.0,5.25,8.99,,,False,,,USD,7263000.0
NMFC,0001496099,0001496099-26-000029,10-Q,2026-06-30,2026-08-03,"AAH Topco, LLC | First lien 3",AAH Topco,AAH Topco,First Lien,,,,5971000.0,5950000.0,5971000.0,,100.0,5.25,8.99,,,False,,,USD,5971000.0
NMFC,0001496099,0001496099-26-000029,10-Q,2026-06-30,2026-08-03,"AAH Topco, LLC | First lien 4",AAH Topco,AAH Topco,First Lien,,,,3491000.0,3481000.0,3491000.0,,100.0,5.25,8.99,,,False,,,USD,3491000.0
NMFC,0001496099,0001496099-26-000029,10-Q,2026-06-30,2026-08-03,"AAH Topco, LLC | Subordinated 1",AAH Topco,AAH Topco,Subordinated,,,,7241000.0,7283000.0,7327000.0,,98.83,,11.5,,11.5,True,,,USD,7241000.0
NMFC,0001496099,0001496099-26-000029,10-Q,2026-06-30,2026-08-03,"AAH Topco, LLC | Subordinated 2",AAH Topco,AAH Topco,Subordinated,,,,864000.0,868000.0,874000.0,,98.86,,11.5,,11.5,True,,,USD,864000.0
NMFC,0001496099,0001496099-26-000029,10-Q,2026-06-30,2026-08-03,"Cronos Crimson Holdings, Inc. (f/k/a NMC Crimson Holdings, Inc.) | First lien 1","Cronos Crimson Holdings, Inc. (f/k/a NMC Crimson Holdings","Cronos Crimson Holdings, Inc. (f/k/a NMC Crimson Holdings",First Lien,,,,23795000.0,24063000.0,24172000.0,,98.44,6.09,9.91,,,False,,,USD,23795000.0
NMFC,0001496099,0001496099-26-000029,10-Q,2026-06-30,2026-08-03,"Cronos Crimson Holdings, Inc. (f/k/a NMC Crimson Holdings, Inc.) | First lien 2","Cronos Crimson Holdings, Inc. (f/k/a NMC Crimson Holdings","Cronos Crimson Holdings, Inc. (f/k/a NMC Crimson Holdings",First Lien,,,,4934000.0,5003000.0,5012000.0,,98.44,6.09,9.9,,,False,,,USD,4934000.0
NMFC,0001496099,0001496099-26-000029,10-Q,2026-06-30,2026-08-03,"Cronos Crimson Holdings, Inc. (f/k/a NMC Crimson Holdings, Inc.) | First lien 3","Cronos Crimson Holdings, Inc. (f/k/a NMC Crimson Holdings","Cronos Crimson Holdings, Inc. (f/k/a NMC Crimson Holdings",First Lien,,,,4632000.0,4691000.0,4706000.0,,98.43,6.24,10.06,,,False,,,USD,4632000.0
NMFC,0001496099,0001496099-26-000029,10-Q,2026-06-30,2026-08-03,"Fortis Solutions Group, LLC | First lien 1",Fortis Solutions Group,Fortis Solutions Group,First Lien,,,,29082000.0,28963000.0,29082000.0,,100.0,5.5,9.33,,,False,,,USD,29082000.0
NMFC,0001496099,0001496099-26-000029,10-Q,2026-06-30,2026-08-03,"Fortis Solutions Group, LLC | First lien - Drawn",Fortis Solutions Group,Fortis Solutions Group,First Lien,,,,1573000.0,1558000.0,1573000.0,,100.0,5.5,9.33,,,False,,,USD,1573000.0
NMFC,0001496099,0001496099-26-000029,10-Q,2026-06-30,2026-08-03,"Fortis Solutions Group, LLC | First lien 2",Fortis Solutions Group,Fortis Solutions Group,First Lien,,,,967000.0,970000.0,967000.0,,100.0,5.5,9.33,,,False,,,USD,967000.0
NMFC,0001496099,0001496099-26-000029,10-Q,2026-06-30,2026-08-03,"Fortis Solutions Group, LLC | First lien 3",Fortis Solutions Group,Fortis Solutions Group,First Lien,,,,78000.0,78000.0,78000.0,,100.0,5.5,9.33,,,False,,,USD,78000.0
NMFC,0001496099,0001496099-26-000029,10-Q,2026-06-30,2026-08-03,Auctane Inc. (fka Stamps.com Inc.) | First lien,Auctane Inc. (fka Stamps.com Inc.) |,Auctane Inc. (fka Stamps.com Inc.) |,First Lien,,,,31576000.0,31578000.0,31814000.0,,99.25,5.75,9.42,,,False,,,USD,31576000.0
NMFC,0001496099,0001496099-26-000029,10-Q,2026-06-30,2026-08-03,"PPV Intermediate Holdings, LLC | First lien 1",PPV Intermediate Holdings,PPV Intermediate Holdings,First Lien,,,,21638000.0,22012000.0,22050000.0,,98.13,5.75,9.42,,,False,,,USD,21638000.0
NMFC,0001496099,0001496099-26-000029,10-Q,2026-06-30,2026-08-03,"PPV Intermediate Holdings, LLC | First lien 2",PPV Intermediate Holdings,PPV Intermediate Holdings,First Lien,,,,7982000.0,8134000.0,8134000.0,,98.13,5.75,9.42,,,False,,,USD,7982000.0
NMFC,0001496099,0001496099-26-000029,10-Q,2026-06-30,2026-08-03,"PPV Intermediate Holdings, LLC | First lien - Drawn",PPV Intermediate Holdings,PPV Intermediate Holdings,First Lien,,,,167000.0,172000.0,170000.0,,98.24,5.75,9.4,,,False,,,USD,167000.0
NMFC,0001496099,0001496099-26-000029,10-Q,2026-06-30,2026-08-03,Nelipak Holding Company | First lien 1,Nelipak Holding Company |,Nelipak Holding Company |,First Lien,,,,18591000.0,17535000.0,18589000.0,,100.01,5.5,7.79,,,False,,,USD,18591000.0
NMFC,0001496099,0001496099-26-000029,10-Q,2026-06-30,2026-08-03,Nelipak Holding Company | First lien 2,Nelipak Holding Company |,Nelipak Holding Company |,First Lien,,,,8887000.0,8838000.0,8887000.0,,100.0,5.5,9.23,,,False,,,USD,8887000.0
NMFC,0001496099,0001496099-26-000029,10-Q,2026-06-30,2026-08-03,Nelipak Holding Company | First lien 3,Nelipak Holding Company |,Nelipak Holding Company |,First Lien,,,,2157000.0,2143000.0,2157000.0,,100.0,5.5,9.23,,,False,,,USD,2157000.0
NMFC,0001496099,0001496099-26-000029,10-Q,2026-06-30,2026-08-03,"YLG Holdings, Inc. | First lien 1",YLG Holdings,YLG Holdings,First Lien,,,,21552000.0,21531000.0,21552000.0,,100.0,4.75,8.43,,,False,,,USD,21552000.0
NMFC,0001496099,0001496099-26-000029,10-Q,2026-06-30,2026-08-03,"YLG Holdings, Inc. | First lien 2",YLG Holdings,YLG Holdings,First Lien,,,,4287000.0,4269000.0,4287000.0,,100.0,4.75,8.43,,,False,,,USD,4287000.0
NMFC,0001496099,0001496099-26-000029,10-Q,2026-06-30,2026-08-03,"YLG Holdings, Inc. | First lien - Drawn 1",YLG Holdings,YLG Holdings,First Lien,,,,392000.0,390000.0,392000.0,,100.0,4.75,8.42,,,False,,,USD,392000.0
NMFC,0001496099,0001496099-26-000029,10-Q,2026-06-30,2026-08-03,"YLG Holdings, Inc. | First lien - Drawn 2",YLG Holdings,YLG Holdings,First Lien,,,,29000.0,29000.0,29000.0,,100.0,4.75,8.41,,,False,,,USD,29000.0
NMFC,0001496099,0001496099-26-000029,10-Q,2026-06-30,2026-08-03,"TMK Hawk Parent, Corp. | First lien 1",TMK Hawk Parent,TMK Hawk Parent,First Lien,,,,17711000.0,24679000.0,27414000.0,,64.61,4.0,7.64,,,False,,,USD,17711000.0
NMFC,0001496099,0001496099-26-000029,10-Q,2026-06-30,2026-08-03,"TMK Hawk Parent, Corp. | First lien 2",TMK Hawk Parent,TMK Hawk Parent,First Lien,,,,6548000.0,6003000.0,10238000.0,,63.96,4.0,7.64,,,False,,,USD,6548000.0
NMFC,0001496099,0001496099-26-000029,10-Q,2026-06-30,2026-08-03,"TMK Hawk Parent, Corp. | Subordinated 1",TMK Hawk Parent,TMK Hawk Parent,Subordinated,,,,356000.0,356000.0,356000.0,,100.0,,11.0,,11.0,True,,,USD,356000.0
NMFC,0001496099,0001496099-26-000029,10-Q,2026-06-30,2026-08-03,"TMK Hawk Parent, Corp. | Subordinated 2",TMK Hawk Parent,TMK Hawk Parent,Subordinated,,,,412000.0,348000.0,412000.0,,100.0,,11.0,,11.0,True,,,USD,412000.0
NMFC,0001496099,0001496099-26-000029,10-Q,2026-06-30,2026-08-03,"PetVet Care Centers, LLC | First lien",PetVet Care Centers,PetVet Care Centers,First Lien,,,,23849000.0,27522000.0,27719000.0,,86.04,6.0,9.64,,,False,,,USD,23849000.0
NMFC,0001496099,0001496099-26-000029,10-Q,2026-06-30,2026-08-03,"PetVet Care Centers, LLC | First lien - Drawn",PetVet Care Centers,PetVet Care Centers,First Lien,,,,957000.0,1101000.0,1112000.0,,86.06,6.0,9.62,,,False,,,USD,957000.0
NMFC,0001496099,0001496099-26-000029,10-Q,2026-06-30,2026-08-03,"GS Acquisitionco, Inc. | First lien 1",GS Acquisitionco,GS Acquisitionco,First Lien,,,,19673000.0,20941000.0,20962000.0,,93.85,5.25,8.98,,,False,,,USD,19673000.0
NMFC,0001496099,0001496099-26-000029,10-Q,2026-06-30,2026-08-03,"GS Acquisitionco, Inc. | First lien - Drawn",GS Acquisitionco,GS Acquisitionco,First Lien,,,,4522000.0,4793000.0,4818000.0,,93.86,5.25,8.98,,,False,,,USD,4522000.0
NMFC,0001496099,0001496099-26-000029,10-Q,2026-06-30,2026-08-03,"GS Acquisitionco, Inc. | First lien 2",GS Acquisitionco,GS Acquisitionco,First Lien,,,,419000.0,444000.0,446000.0,,93.95,5.25,8.98,,,False,,,USD,419000.0
NMFC,0001496099,0001496099-26-000029,10-Q,2026-06-30,2026-08-03,"Baker Tilly Advisory Group, LP | First lien 1",Baker Tilly Advisory Group,Baker Tilly Advisory Group,First Lien,,,,15354000.0,15433000.0,15524000.0,,98.9,4.75,8.39,,,False,,,USD,15354000.0
NMFC,0001496099,0001496099-26-000029,10-Q,2026-06-30,2026-08-03,"Baker Tilly Advisory Group, LP | First lien 2",Baker Tilly Advisory Group,Baker Tilly Advisory Group,First Lien,,,,5661000.0,5729000.0,5753000.0,,98.4,4.25,7.89,,,False,,,USD,5661000.0
NMFC,0001496099,0001496099-26-000029,10-Q,2026-06-30,2026-08-03,"Baker Tilly Advisory Group, LP | First lien 3",Baker Tilly Advisory Group,Baker Tilly Advisory Group,First Lien,,,,1245000.0,1260000.0,1266000.0,,98.34,4.25,7.89,,,False,,,USD,1245000.0
NMFC,0001496099,0001496099-26-000029,10-Q,2026-06-30,2026-08-03,"Baker Tilly Advisory Group, LP | First lien 4",Baker Tilly Advisory Group,Baker Tilly Advisory Group,First Lien,,,,1209000.0,1222000.0,1228000.0,,98.45,4.25,7.9,,,False,,,USD,1209000.0
NMFC,0001496099,0001496099-26-000029,10-Q,2026-06-30,2026-08-03,"PDI TA Holdings, Inc. | First lien 1",PDI TA Holdings,PDI TA Holdings,First Lien,,,,21198000.0,22115000.0,22197000.0,,95.5,2.5,9.66,,3.5,True,,,USD,21198000.0
NMFC,0001496099,0001496099-26-000029,10-Q,2026-06-30,2026-08-03,"PDI TA Holdings, Inc. | First lien 2",PDI TA Holdings,PDI TA Holdings,First Lien,,,,1748000.0,1821000.0,1830000.0,,95.52,5.5,9.17,,,False,,,USD,1748000.0
NMFC,0001496099,0001496099-26-000029,10-Q,2026-06-30,2026-08-03,"PDI TA Holdings, Inc. | First lien 3",PDI TA Holdings,PDI TA Holdings,First Lien,,,,487000.0,510000.0,510000.0,,95.49,2.5,9.66,,3.5,True,,,USD,487000.0
NMFC,0001496099,0001496099-26-000029,10-Q,2026-06-30,2026-08-03,"Tempo Acquisition, LLC | First lien",Tempo Acquisition,Tempo Acquisition,First Lien,,,,23354000.0,19753000.0,27536000.0,,84.81,1.75,5.39,,,False,,,USD,23354000.0
NMFC,0001496099,0001496099-26-000029,10-Q,2026-06-30,2026-08-03,"AmeriVet Partners Management, Inc. | First lien 1",AmeriVet Partners Management,AmeriVet Partners Management,First Lien,,,,17635000.0,18640000.0,18672000.0,,94.45,5.5,9.6,,,False,,,USD,17635000.0
NMFC,0001496099,0001496099-26-000029,10-Q,2026-06-30,2026-08-03,"AmeriVet Partners Management, Inc. | First lien 2",AmeriVet Partners Management,AmeriVet Partners Management,First Lien,,,,4908000.0,5187000.0,5196000.0,,94.46,5.5,9.6,,,False,,,USD,4908000.0
NMFC,0001496099,0001496099-26-000029,10-Q,2026-06-30,2026-08-03,"AmeriVet Partners Management, Inc. | First lien 3",AmeriVet Partners Management,AmeriVet Partners Management,First Lien,,,,645000.0,681000.0,682000.0,,94.57,5.5,9.6,,,False,,,USD,645000.0
NMFC,0001496099,0001496099-26-000029,10-Q,2026-06-30,2026-08-03,"FS WhiteWater Borrower, LLC | First lien 1",FS WhiteWater Borrower,FS WhiteWater Borrower,First Lien,,,,8396000.0,8362000.0,8396000.0,,100.0,5.0,8.88,,,False,,,USD,8396000.0
NMFC,0001496099,0001496099-26-000029,10-Q,2026-06-30,2026-08-03,"FS WhiteWater Borrower, LLC | First lien 2",FS WhiteWater Borrower,FS WhiteWater Borrower,First Lien,,,,4681000.0,4657000.0,4681000.0,,100.0,5.0,8.88,,,False,,,USD,4681000.0
NMFC,0001496099,0001496099-26-000029,10-Q,2026-06-30,2026-08-03,"FS WhiteWater Borrower, LLC | First lien 3",FS WhiteWater Borrower,FS WhiteWater Borrower,First Lien,,,,2819000.0,2806000.0,2819000.0,,100.0,5.0,8.88,,,False,,,USD,2819000.0
NMFC,0001496099,0001496099-26-000029,10-Q,2026-06-30,2026-08-03,"FS WhiteWater Borrower, LLC | First lien 4",FS WhiteWater Borrower,FS WhiteWater Borrower,First Lien,,,,2801000.0,2789000.0,2801000.0,,100.0,5.0,8.88,,,False,,,USD,2801000.0
NMFC,0001496099,0001496099-26-000029,10-Q,2026-06-30,2026-08-03,"FS WhiteWater Borrower, LLC | First lien 5",FS WhiteWater Borrower,FS WhiteWater Borrower,First Lien,,,,2711000.0,2687000.0,2711000.0,,100.0,5.0,8.88,,,False,,,USD,2711000.0
NMFC,0001496099,0001496099-26-000029,10-Q,2026-06-30,2026-08-03,"FS WhiteWater Borrower, LLC | First lien 6",FS WhiteWater Borrower,FS WhiteWater Borrower,First Lien,,,,905000.0,897000.0,905000.0,,100.0,5.0,8.88,,,False,,,USD,905000.0
NMFC,0001496099,0001496099-26-000029,10-Q,2026-06-30,2026-08-03,"Sierra Enterprises, LLC | First lien",Sierra Enterprises,Sierra Enterprises,First Lien,,,,21250000.0,21120000.0,21250000.0,,100.0,5.75,9.48,,,False,,,USD,21250000.0
NMFC,0001496099,0001496099-26-000029,10-Q,2026-06-30,2026-08-03,Xactly Corporation | First lien,Xactly Corporation |,Xactly Corporation |,First Lien,,,,21233000.0,22492000.0,22500000.0,,94.37,6.25,10.02,,,False,,,USD,21233000.0
NMFC,0001496099,0001496099-26-000029,10-Q,2026-06-30,2026-08-03,"GC Waves Holdings, Inc. | First lien",GC Waves Holdings,GC Waves Holdings,First Lien,,,,21126000.0,21078000.0,21126000.0,,100.0,4.5,8.14,,,False,,,USD,21126000.0
NMFC,0001496099,0001496099-26-000029,10-Q,2026-06-30,2026-08-03,"RLG Holdings, LLC | First lien 1",RLG Holdings,RLG Holdings,First Lien,,,,10693000.0,9487000.0,18577000.0,,57.56,4.25,8.18,,,False,,,USD,10693000.0
NMFC,0001496099,0001496099-26-000029,10-Q,2026-06-30,2026-08-03,"RLG Holdings, LLC | First lien 2",RLG Holdings,RLG Holdings,First Lien,,,,4114000.0,6016000.0,7147000.0,,57.56,4.25,8.18,,,False,,,USD,4114000.0
NMFC,0001496099,0001496099-26-000029,10-Q,2026-06-30,2026-08-03,"RLG Holdings, LLC | First lien 3",RLG Holdings,RLG Holdings,First Lien,,,,2384000.0,4097000.0,4142000.0,,57.56,5.0,8.66,,,False,,,USD,2384000.0
NMFC,0001496099,0001496099-26-000029,10-Q,2026-06-30,2026-08-03,"RLG Holdings, LLC | First lien 4",RLG Holdings,RLG Holdings,First Lien,,,,685000.0,576000.0,1191000.0,,57.51,5.0,8.66,,,False,,,USD,685000.0
NMFC,0001496099,0001496099-26-000029,10-Q,2026-06-30,2026-08-03,"RLG Holdings, LLC | Second lien",RLG Holdings,RLG Holdings,Second Lien,,,,3001000.0,1542000.0,10768000.0,,27.87,7.5,11.43,,,False,,,USD,3001000.0
NMFC,0001496099,0001496099-26-000029,10-Q,2026-06-30,2026-08-03,"Brave Parent Holdings, Inc. | First lien",Brave Parent Holdings,Brave Parent Holdings,First Lien,,,,20323000.0,20940000.0,21016000.0,,96.7,4.5,8.14,,,False,,,USD,20323000.0
NMFC,0001496099,0001496099-26-000029,10-Q,2026-06-30,2026-08-03,Low Voltage Holdings Inc. | First lien 1,Low Voltage Holdings Inc. |,Low Voltage Holdings Inc. |,First Lien,,,,18345000.0,18354000.0,18414000.0,,99.63,4.5,8.23,,,False,,,USD,18345000.0
NMFC,0001496099,0001496099-26-000029,10-Q,2026-06-30,2026-08-03,Low Voltage Holdings Inc. | First lien 2,Low Voltage Holdings Inc. |,Low Voltage Holdings Inc. |,First Lien,,,,954000.0,954000.0,958000.0,,99.58,4.5,8.23,,,False,,,USD,954000.0
NMFC,0001496099,0001496099-26-000029,10-Q,2026-06-30,2026-08-03,Low Voltage Holdings Inc. | First lien - Drawn,Low Voltage Holdings Inc. |,Low Voltage Holdings Inc. |,First Lien,,,,289000.0,289000.0,290000.0,,99.66,4.5,8.17,,,False,,,USD,289000.0
NMFC,0001496099,0001496099-26-000029,10-Q,2026-06-30,2026-08-03,"Cardinal Parent, Inc. | First lien",Cardinal Parent,Cardinal Parent,First Lien,,,,10229000.0,11527000.0,11548000.0,,88.58,4.5,8.38,,,False,,,USD,10229000.0
NMFC,0001496099,0001496099-26-000029,10-Q,2026-06-30,2026-08-03,"Cardinal Parent, Inc. | Second lien",Cardinal Parent,Cardinal Parent,Second Lien,,,,8475000.0,9728000.0,9767000.0,,86.77,7.75,11.63,,,False,,,USD,8475000.0
NMFC,0001496099,0001496099-26-000029,10-Q,2026-06-30,2026-08-03,"HS Purchaser, LLC  / Help/Systems Holdings, Inc. | Second lien 1","HS Purchaser, LLC  / Help/Systems Holdings","HS Purchaser, LLC  / Help/Systems Holdings",Second Lien,,,,15345000.0,24806000.0,24854000.0,,61.74,,12.74,,9.0,True,,,USD,15345000.0
NMFC,0001496099,0001496099-26-000029,10-Q,2026-06-30,2026-08-03,"HS Purchaser, LLC  / Help/Systems Holdings, Inc. | Second lien 2","HS Purchaser, LLC  / Help/Systems Holdings","HS Purchaser, LLC  / Help/Systems Holdings",Second Lien,,,,2870000.0,4632000.0,4648000.0,,61.75,,12.74,,9.0,True,,,USD,2870000.0
NMFC,0001496099,0001496099-26-000029,10-Q,2026-06-30,2026-08-03,Viper Bidco. Inc. | First lien 1,Viper Bidco. Inc. |,Viper Bidco. Inc. |,First Lien,,,,15563000.0,14966000.0,11850000.0,,103.99,4.5,8.23,,,False,,,USD,15563000.0
NMFC,0001496099,0001496099-26-000029,10-Q,2026-06-30,2026-08-03,Viper Bidco. Inc. | First lien 2,Viper Bidco. Inc. |,Viper Bidco. Inc. |,First Lien,,,,2249000.0,2284000.0,2294000.0,,98.04,4.5,8.23,,,False,,,USD,2249000.0
NMFC,0001496099,0001496099-26-000029,10-Q,2026-06-30,2026-08-03,"Kele Holdco, Inc. | First lien 1",Kele Holdco,Kele Holdco,First Lien,,,,14392000.0,14383000.0,14392000.0,,100.0,4.5,8.14,,,False,,,USD,14392000.0
NMFC,0001496099,0001496099-26-000029,10-Q,2026-06-30,2026-08-03,"Kele Holdco, Inc. | First lien 2",Kele Holdco,Kele Holdco,First Lien,,,,1109000.0,1106000.0,1109000.0,,100.0,4.5,8.14,,,False,,,USD,1109000.0
NMFC,0001496099,0001496099-26-000029,10-Q,2026-06-30,2026-08-03,"Kele Holdco, Inc. | First lien - Drawn",Kele Holdco,Kele Holdco,First Lien,,,,1079000.0,1074000.0,1079000.0,,100.0,4.5,8.14,,,False,,,USD,1079000.0
NMFC,0001496099,0001496099-26-000029,10-Q,2026-06-30,2026-08-03,Bonterra LLC | First lien 1,Bonterra LLC |,Bonterra LLC |,First Lien,,,,14570000.0,14882000.0,14914000.0,,97.69,4.75,8.48,,,False,,,USD,14570000.0
NMFC,0001496099,0001496099-26-000029,10-Q,2026-06-30,2026-08-03,Bonterra LLC | First lien 2,Bonterra LLC |,Bonterra LLC |,First Lien,,,,1587000.0,1625000.0,1625000.0,,97.66,4.75,8.48,,,False,,,USD,1587000.0
NMFC,0001496099,0001496099-26-000029,10-Q,2026-06-30,2026-08-03,Bonterra LLC | First lien - Drawn,Bonterra LLC |,Bonterra LLC |,First Lien,,,,318000.0,325000.0,326000.0,,97.55,4.75,8.49,,,False,,,USD,318000.0
NMFC,0001496099,0001496099-26-000029,10-Q,2026-06-30,2026-08-03,American Achievement Corporation (aka AAC Holding Corp.) | First lien 1,American Achievement Corporation (aka AAC Holding Corp.) |,American Achievement Corporation (aka AAC Holding Corp.) |,First Lien,,,,16000000.0,29842000.0,29879000.0,,53.55,0.5,10.97,,6.75,True,,,USD,16000000.0
NMFC,0001496099,0001496099-26-000029,10-Q,2026-06-30,2026-08-03,American Achievement Corporation (aka AAC Holding Corp.) | First lien 2,American Achievement Corporation (aka AAC Holding Corp.) |,American Achievement Corporation (aka AAC Holding Corp.) |,First Lien,,,,0.0,1527000.0,1527000.0,,0.0,0.5,18.72,,14.5,True,,,USD,0.0
NMFC,0001496099,0001496099-26-000029,10-Q,2026-06-30,2026-08-03,American Achievement Corporation (aka AAC Holding Corp.) | Subordinated,American Achievement Corporation (aka AAC Holding Corp.) |,American Achievement Corporation (aka AAC Holding Corp.) |,Subordinated,,,,0.0,0.0,5230000.0,,,,4.84,,1.0,True,,,USD,0.0
NMFC,0001496099,0001496099-26-000029,10-Q,2026-06-30,2026-08-03,"Coupa Holdings, LLC | First lien 1",Coupa Holdings,Coupa Holdings,First Lien,,,,13981000.0,14063000.0,14171000.0,,98.66,5.25,8.91,,,False,,,USD,13981000.0
NMFC,0001496099,0001496099-26-000029,10-Q,2026-06-30,2026-08-03,"Coupa Holdings, LLC | First lien 2",Coupa Holdings,Coupa Holdings,First Lien,,,,1274000.0,1291000.0,1291000.0,,98.68,5.25,8.9,,,False,,,USD,1274000.0
NMFC,0001496099,0001496099-26-000029,10-Q,2026-06-30,2026-08-03,"Coupa Holdings, LLC | First lien - Drawn",Coupa Holdings,Coupa Holdings,First Lien,,,,650000.0,651000.0,659000.0,,98.63,5.25,8.9,,,False,,,USD,650000.0
NMFC,0001496099,0001496099-26-000029,10-Q,2026-06-30,2026-08-03,"Digicert, Inc. | First lien",Digicert,Digicert,First Lien,,,,15269000.0,15286000.0,15384000.0,,99.25,5.75,9.39,,,False,,,USD,15269000.0
NMFC,0001496099,0001496099-26-000029,10-Q,2026-06-30,2026-08-03,"Bullhorn, Inc. | First lien 1",Bullhorn,Bullhorn,First Lien,,,,8813000.0,8967000.0,8879000.0,,99.26,5.0,8.64,,,False,,,USD,8813000.0
NMFC,0001496099,0001496099-26-000029,10-Q,2026-06-30,2026-08-03,"Bullhorn, Inc. | First lien 2",Bullhorn,Bullhorn,First Lien,,,,3373000.0,3395000.0,3398000.0,,99.26,5.0,8.64,,,False,,,USD,3373000.0
NMFC,0001496099,0001496099-26-000029,10-Q,2026-06-30,2026-08-03,"Bullhorn, Inc. | First lien 3",Bullhorn,Bullhorn,First Lien,,,,1017000.0,1023000.0,1025000.0,,99.22,5.0,8.64,,,False,,,USD,1017000.0
NMFC,0001496099,0001496099-26-000029,10-Q,2026-06-30,2026-08-03,"Bullhorn, Inc. | First lien 4",Bullhorn,Bullhorn,First Lien,,,,755000.0,759000.0,761000.0,,99.21,5.0,8.64,,,False,,,USD,755000.0
NMFC,0001496099,0001496099-26-000029,10-Q,2026-06-30,2026-08-03,"Bullhorn, Inc. | First lien 5",Bullhorn,Bullhorn,First Lien,,,,338000.0,340000.0,341000.0,,99.12,5.0,8.64,,,False,,,USD,338000.0
NMFC,0001496099,0001496099-26-000029,10-Q,2026-06-30,2026-08-03,"Bullhorn, Inc. | First lien 6",Bullhorn,Bullhorn,First Lien,,,,270000.0,271000.0,272000.0,,99.26,5.0,8.64,,,False,,,USD,270000.0
NMFC,0001496099,0001496099-26-000029,10-Q,2026-06-30,2026-08-03,"Bullhorn, Inc. | First lien - Drawn",Bullhorn,Bullhorn,First Lien,,,,124000.0,127000.0,125000.0,,99.2,5.0,8.64,,,False,,,USD,124000.0
NMFC,0001496099,0001496099-26-000029,10-Q,2026-06-30,2026-08-03,Infogain Corporation | First lien 1,Infogain Corporation |,Infogain Corporation |,First Lien,,,,7645000.0,7614000.0,7645000.0,,100.0,5.75,9.49,,,False,,,USD,7645000.0
NMFC,0001496099,0001496099-26-000029,10-Q,2026-06-30,2026-08-03,Infogain Corporation | First lien 2,Infogain Corporation |,Infogain Corporation |,First Lien,,,,234000.0,233000.0,234000.0,,100.0,5.75,9.49,,,False,,,USD,234000.0
NMFC,0001496099,0001496099-26-000029,10-Q,2026-06-30,2026-08-03,Infogain Corporation | Subordinated,Infogain Corporation |,Infogain Corporation |,Subordinated,,,,6265000.0,6223000.0,6265000.0,,100.0,7.5,11.24,,,False,,,USD,6265000.0
NMFC,0001496099,0001496099-26-000029,10-Q,2026-06-30,2026-08-03,"CFS Management, LLC | First lien 1",CFS Management,CFS Management,First Lien,,,,10835000.0,12383000.0,12383000.0,,87.5,6.25,12.49,,2.25,True,,,USD,10835000.0
NMFC,0001496099,0001496099-26-000029,10-Q,2026-06-30,2026-08-03,"CFS Management, LLC | First lien 2",CFS Management,CFS Management,First Lien,,,,3228000.0,3698000.0,3690000.0,,87.48,6.25,12.49,,2.25,True,,,USD,3228000.0
NMFC,0001496099,0001496099-26-000029,10-Q,2026-06-30,2026-08-03,"Acumatica Holdings, Inc. | First lien",Acumatica Holdings,Acumatica Holdings,First Lien,,,,13713000.0,13759000.0,13759000.0,,99.67,4.5,8.23,,,False,,,USD,13713000.0
NMFC,0001496099,0001496099-26-000029,10-Q,2026-06-30,2026-08-03,Daxko Acquisition Corporation | First lien 1,Daxko Acquisition Corporation |,Daxko Acquisition Corporation |,First Lien,,,,12533000.0,12630000.0,12679000.0,,98.85,4.75,8.39,,,False,,,USD,12533000.0
NMFC,0001496099,0001496099-26-000029,10-Q,2026-06-30,2026-08-03,Daxko Acquisition Corporation | First lien 2,Daxko Acquisition Corporation |,Daxko Acquisition Corporation |,First Lien,,,,1056000.0,1064000.0,1068000.0,,98.88,4.75,8.39,,,False,,,USD,1056000.0
NMFC,0001496099,0001496099-26-000029,10-Q,2026-06-30,2026-08-03,Daxko Acquisition Corporation | First lien 3,Daxko Acquisition Corporation |,Daxko Acquisition Corporation |,First Lien,,,,63000.0,64000.0,64000.0,,98.44,4.75,8.39,,,False,,,USD,63000.0
NMFC,0001496099,0001496099-26-000029,10-Q,2026-06-30,2026-08-03,"USRP Holdings, Inc. | First lien",USRP Holdings,USRP Holdings,First Lien,,,,12331000.0,12283000.0,12331000.0,,100.0,4.75,8.39,,,False,,,USD,12331000.0
NMFC,0001496099,0001496099-26-000029,10-Q,2026-06-30,2026-08-03,New ACI Buyer LLC | First lien 1,New ACI Buyer LLC |,New ACI Buyer LLC |,First Lien,,,,3572000.0,3572000.0,3572000.0,,100.0,3.13,9.99,,3.13,True,,,USD,3572000.0
NMFC,0001496099,0001496099-26-000029,10-Q,2026-06-30,2026-08-03,New ACI Buyer LLC | First lien 2,New ACI Buyer LLC |,New ACI Buyer LLC |,First Lien,,,,1841000.0,1841000.0,1841000.0,,100.0,5.5,9.24,,,False,,,USD,1841000.0
NMFC,0001496099,0001496099-26-000029,10-Q,2026-06-30,2026-08-03,New ACI Buyer LLC | First lien 3,New ACI Buyer LLC |,New ACI Buyer LLC |,First Lien,,,,1686000.0,1686000.0,1686000.0,,100.0,3.13,9.99,,3.13,True,,,USD,1686000.0
NMFC,0001496099,0001496099-26-000029,10-Q,2026-06-30,2026-08-03,New ACI Buyer LLC | Subordinated 1,New ACI Buyer LLC |,New ACI Buyer LLC |,Subordinated,,,,3175000.0,3175000.0,3175000.0,,100.0,,10.0,,10.0,True,,,USD,3175000.0
NMFC,0001496099,0001496099-26-000029,10-Q,2026-06-30,2026-08-03,New ACI Buyer LLC | Subordinated 2,New ACI Buyer LLC |,New ACI Buyer LLC |,Subordinated,,,,1499000.0,1499000.0,1499000.0,,100.0,,10.0,,10.0,True,,,USD,1499000.0
NMFC,0001496099,0001496099-26-000029,10-Q,2026-06-30,2026-08-03,"Jawbreaker Parent, Inc. | First lien 1",Jawbreaker Parent,Jawbreaker Parent,First Lien,,,,7757000.0,7759000.0,7796000.0,,99.5,4.75,8.48,,,False,,,USD,7757000.0
NMFC,0001496099,0001496099-26-000029,10-Q,2026-06-30,2026-08-03,"Jawbreaker Parent, Inc. | First lien 2",Jawbreaker Parent,Jawbreaker Parent,First Lien,,,,3709000.0,3728000.0,3728000.0,,99.49,4.75,8.48,,,False,,,USD,3709000.0
NMFC,0001496099,0001496099-26-000029,10-Q,2026-06-30,2026-08-03,Houghton Mifflin Harcourt Company | First lien,Houghton Mifflin Harcourt Company |,Houghton Mifflin Harcourt Company |,First Lien,,,,11331000.0,14003000.0,14262000.0,,79.45,5.25,9.01,,,False,,,USD,11331000.0
NMFC,0001496099,0001496099-26-000029,10-Q,2026-06-30,2026-08-03,Trinity Air Consultants Holdings Corporation | First lien 1,Trinity Air Consultants Holdings Corporation |,Trinity Air Consultants Holdings Corporation |,First Lien,,,,8303000.0,8272000.0,8303000.0,,100.0,4.25,8.01,,,False,,,USD,8303000.0
NMFC,0001496099,0001496099-26-000029,10-Q,2026-06-30,2026-08-03,Trinity Air Consultants Holdings Corporation | First lien 2,Trinity Air Consultants Holdings Corporation |,Trinity Air Consultants Holdings Corporation |,First Lien,,,,2784000.0,2772000.0,2784000.0,,100.0,4.25,8.01,,,False,,,USD,2784000.0
NMFC,0001496099,0001496099-26-000029,10-Q,2026-06-30,2026-08-03,"Firebird Acquisition Corp, Inc. | First lien 1",Firebird Acquisition Corp,Firebird Acquisition Corp,First Lien,,,,8261000.0,8244000.0,8261000.0,,100.0,2.25,8.66,,2.75,True,,,USD,8261000.0
NMFC,0001496099,0001496099-26-000029,10-Q,2026-06-30,2026-08-03,"Firebird Acquisition Corp, Inc. | First lien - Drawn",Firebird Acquisition Corp,Firebird Acquisition Corp,First Lien,,,,2794000.0,2787000.0,2794000.0,,100.0,4.5,8.16,,,False,,,USD,2794000.0
NMFC,0001496099,0001496099-26-000029,10-Q,2026-06-30,2026-08-03,"Project Accelerate Parent, LLC | First lien",Project Accelerate Parent,Project Accelerate Parent,First Lien,,,,10360000.0,10322000.0,10360000.0,,100.0,5.25,8.89,,,False,,,USD,10360000.0
NMFC,0001496099,0001496099-26-000029,10-Q,2026-06-30,2026-08-03,"Planview Parent, Inc. | First lien",Planview Parent,Planview Parent,First Lien,,,,3247000.0,3108000.0,3755000.0,,86.47,3.5,7.23,,,False,,,USD,3247000.0
NMFC,0001496099,0001496099-26-000029,10-Q,2026-06-30,2026-08-03,"Planview Parent, Inc. | Second lien",Planview Parent,Planview Parent,Second Lien,,,,6811000.0,9215000.0,9231000.0,,73.78,5.75,9.48,,,False,,,USD,6811000.0
NMFC,0001496099,0001496099-26-000029,10-Q,2026-06-30,2026-08-03,"AWP Group Holdings, Inc. | First lien 1",AWP Group Holdings,AWP Group Holdings,First Lien,,,,8628000.0,8629000.0,8660000.0,,99.63,2.63,9.56,,3.28,True,,,USD,8628000.0
NMFC,0001496099,0001496099-26-000029,10-Q,2026-06-30,2026-08-03,"AWP Group Holdings, Inc. | First lien - Drawn",AWP Group Holdings,AWP Group Holdings,First Lien,,,,358000.0,358000.0,359000.0,,99.72,5.25,8.9,,,False,,,USD,358000.0
NMFC,0001496099,0001496099-26-000029,10-Q,2026-06-30,2026-08-03,Alegeus Technologies Holdings Corp. | First lien,Alegeus Technologies Holdings Corp. |,Alegeus Technologies Holdings Corp. |,First Lien,,,,8170000.0,8094000.0,8170000.0,,100.0,6.5,10.16,,,False,,,USD,8170000.0
NMFC,0001496099,0001496099-26-000029,10-Q,2026-06-30,2026-08-03,"HP TLE Buyer, Inc. | First lien",HP TLE Buyer,HP TLE Buyer,First Lien,,,,8168000.0,8131000.0,8168000.0,,100.0,4.75,8.48,,,False,,,USD,8168000.0
NMFC,0001496099,0001496099-26-000029,10-Q,2026-06-30,2026-08-03,"Foreside Financial Group, LLC | First lien 1",Foreside Financial Group,Foreside Financial Group,First Lien,,,,7746000.0,7735000.0,7746000.0,,100.0,5.25,9.14,,,False,,,USD,7746000.0
NMFC,0001496099,0001496099-26-000029,10-Q,2026-06-30,2026-08-03,"Foreside Financial Group, LLC | First lien 2",Foreside Financial Group,Foreside Financial Group,First Lien,,,,273000.0,271000.0,273000.0,,100.0,5.25,9.14,,,False,,,USD,273000.0
NMFC,0001496099,0001496099-26-000029,10-Q,2026-06-30,2026-08-03,"Foreside Financial Group, LLC | First lien - Drawn",Foreside Financial Group,Foreside Financial Group,First Lien,,,,92000.0,92000.0,92000.0,,100.0,5.25,9.14,,,False,,,USD,92000.0
NMFC,0001496099,0001496099-26-000029,10-Q,2026-06-30,2026-08-03,"iCIMS, Inc. | First lien 1",iCIMS,iCIMS,First Lien,,,,6986000.0,7338000.0,7366000.0,,94.84,6.25,9.92,,,False,,,USD,6986000.0
NMFC,0001496099,0001496099-26-000029,10-Q,2026-06-30,2026-08-03,"iCIMS, Inc. | First lien - Drawn",iCIMS,iCIMS,First Lien,,,,959000.0,1020000.0,1024000.0,,93.65,5.75,9.41,,,False,,,USD,959000.0
NMFC,0001496099,0001496099-26-000029,10-Q,2026-06-30,2026-08-03,KPSKY Acquisition Inc. | First lien 1,KPSKY Acquisition Inc. |,KPSKY Acquisition Inc. |,First Lien,,,,6157000.0,6695000.0,6721000.0,,91.61,5.5,9.26,,,False,,,USD,6157000.0
NMFC,0001496099,0001496099-26-000029,10-Q,2026-06-30,2026-08-03,KPSKY Acquisition Inc. | First lien 2,KPSKY Acquisition Inc. |,KPSKY Acquisition Inc. |,First Lien,,,,1036000.0,1126000.0,1131000.0,,91.6,5.5,9.25,,,False,,,USD,1036000.0
NMFC,0001496099,0001496099-26-000029,10-Q,2026-06-30,2026-08-03,KPSKY Acquisition Inc. | First lien 3,KPSKY Acquisition Inc. |,KPSKY Acquisition Inc. |,First Lien,,,,706000.0,767000.0,770000.0,,91.69,5.5,9.27,,,False,,,USD,706000.0
NMFC,0001496099,0001496099-26-000029,10-Q,2026-06-30,2026-08-03,KPSKY Acquisition Inc. | First lien 4,KPSKY Acquisition Inc. |,KPSKY Acquisition Inc. |,First Lien,,,,17000.0,18000.0,19000.0,,89.47,5.75,9.51,,,False,,,USD,17000.0
NMFC,0001496099,0001496099-26-000029,10-Q,2026-06-30,2026-08-03,Compsych Investments Corp. | First lien,Compsych Investments Corp. |,Compsych Investments Corp. |,First Lien,,,,7750000.0,7705000.0,7750000.0,,100.0,4.75,8.41,,,False,,,USD,7750000.0
NMFC,0001496099,0001496099-26-000029,10-Q,2026-06-30,2026-08-03,"NC Topco, LLC | First lien 1",NC Topco,NC Topco,First Lien,,,,5775000.0,5810000.0,5833000.0,,99.01,4.5,8.17,,,False,,,USD,5775000.0
NMFC,0001496099,0001496099-26-000029,10-Q,2026-06-30,2026-08-03,"NC Topco, LLC | First lien 2",NC Topco,NC Topco,First Lien,,,,1656000.0,1665000.0,1672000.0,,99.04,4.5,8.17,,,False,,,USD,1656000.0
NMFC,0001496099,0001496099-26-000029,10-Q,2026-06-30,2026-08-03,Consumer Products | First lien,Consumer Products |,Consumer Products |,First Lien,,,,4976000.0,4976000.0,4976000.0,,100.0,,11.13,,7.25,True,,,USD,4976000.0
NMFC,0001496099,0001496099-26-000029,10-Q,2026-06-30,2026-08-03,Consumer Products | Subordinated,Consumer Products |,Consumer Products |,Subordinated,,,,2410000.0,2410000.0,2410000.0,,100.0,,12.88,,9.0,True,,,USD,2410000.0
NMFC,0001496099,0001496099-26-000029,10-Q,2026-06-30,2026-08-03,Eclipse Buyer Inc. | First lien,Eclipse Buyer Inc. |,Eclipse Buyer Inc. |,First Lien,,,,7007000.0,7083000.0,7113000.0,,98.51,4.5,8.15,,,False,,,USD,7007000.0
NMFC,0001496099,0001496099-26-000029,10-Q,2026-06-30,2026-08-03,"Legends Hospitality Holding Company, LLC | First lien 1",Legends Hospitality Holding Company,Legends Hospitality Holding Company,First Lien,,,,6220000.0,6234000.0,6281000.0,,99.03,2.75,9.16,,2.75,True,,,USD,6220000.0
NMFC,0001496099,0001496099-26-000029,10-Q,2026-06-30,2026-08-03,"Legends Hospitality Holding Company, LLC | First lien 2",Legends Hospitality Holding Company,Legends Hospitality Holding Company,First Lien,,,,348000.0,351000.0,355000.0,,98.03,5.0,8.66,,,False,,,USD,348000.0
NMFC,0001496099,0001496099-26-000029,10-Q,2026-06-30,2026-08-03,"Legends Hospitality Holding Company, LLC | First lien - Drawn",Legends Hospitality Holding Company,Legends Hospitality Holding Company,First Lien,,,,193000.0,195000.0,197000.0,,97.97,5.0,8.64,,,False,,,USD,193000.0
NMFC,0001496099,0001496099-26-000029,10-Q,2026-06-30,2026-08-03,OEConnection LLC | First lien,OEConnection LLC |,OEConnection LLC |,First Lien,,,,6519000.0,6584000.0,6609000.0,,98.64,4.5,8.14,,,False,,,USD,6519000.0
NMFC,0001496099,0001496099-26-000029,10-Q,2026-06-30,2026-08-03,Fullsteam Operations LLC | First lien,Fullsteam Operations LLC |,Fullsteam Operations LLC |,First Lien,,,,6192000.0,6196000.0,6223000.0,,99.5,5.25,8.9,,,False,,,USD,6192000.0
NMFC,0001496099,0001496099-26-000029,10-Q,2026-06-30,2026-08-03,Fullsteam Operations LLC | First lien - Drawn,Fullsteam Operations LLC |,Fullsteam Operations LLC |,First Lien,,,,224000.0,224000.0,225000.0,,99.56,5.25,8.88,,,False,,,USD,224000.0
NMFC,0001496099,0001496099-26-000029,10-Q,2026-06-30,2026-08-03,"RailPros Parent, LLC | First lien",RailPros Parent,RailPros Parent,First Lien,,,,5799000.0,5773000.0,5799000.0,,100.0,4.25,7.89,,,False,,,USD,5799000.0
NMFC,0001496099,0001496099-26-000029,10-Q,2026-06-30,2026-08-03,"RailPros Parent, LLC | First lien - Drawn",RailPros Parent,RailPros Parent,First Lien,,,,538000.0,535000.0,538000.0,,100.0,4.25,7.89,,,False,,,USD,538000.0
NMFC,0001496099,0001496099-26-000029,10-Q,2026-06-30,2026-08-03,"Next Holdco, LLC | First lien",Next Holdco,Next Holdco,First Lien,,,,6232000.0,6203000.0,6232000.0,,100.0,5.25,8.89,,,False,,,USD,6232000.0
NMFC,0001496099,0001496099-26-000029,10-Q,2026-06-30,2026-08-03,"Greenway Health, LLC | First lien",Greenway Health,Greenway Health,First Lien,,,,6085000.0,6152000.0,6206000.0,,98.05,6.75,10.6,,,False,,,USD,6085000.0
NMFC,0001496099,0001496099-26-000029,10-Q,2026-06-30,2026-08-03,"Vehlo Purchaser, LLC | First lien",Vehlo Purchaser,Vehlo Purchaser,First Lien,,,,6020000.0,6001000.0,6042000.0,,99.64,5.25,8.89,,,False,,,USD,6020000.0
NMFC,0001496099,0001496099-26-000029,10-Q,2026-06-30,2026-08-03,"WEG Sub Intermediate Holdings, LLC | Subordinated",WEG Sub Intermediate Holdings,WEG Sub Intermediate Holdings,Subordinated,,,,4977000.0,4936000.0,4977000.0,,100.0,,13.0,,13.0,True,,,USD,4977000.0
NMFC,0001496099,0001496099-26-000029,10-Q,2026-06-30,2026-08-03,"Icefall Parent, Inc. | First lien",Icefall Parent,Icefall Parent,First Lien,,,,4828000.0,4661000.0,4828000.0,,100.0,4.5,8.23,,,False,,,USD,4828000.0
NMFC,0001496099,0001496099-26-000029,10-Q,2026-06-30,2026-08-03,"DOCS, MSO, LLC | First lien 1","DOCS, MSO","DOCS, MSO",First Lien,,,,3223000.0,3223000.0,3223000.0,,100.0,5.0,8.84,,,False,,,USD,3223000.0
NMFC,0001496099,0001496099-26-000029,10-Q,2026-06-30,2026-08-03,"DOCS, MSO, LLC | First lien 2","DOCS, MSO","DOCS, MSO",First Lien,,,,1591000.0,1596000.0,1591000.0,,100.0,5.0,8.84,,,False,,,USD,1591000.0
NMFC,0001496099,0001496099-26-000029,10-Q,2026-06-30,2026-08-03,Diligent Corporation | First lien,Diligent Corporation |,Diligent Corporation |,First Lien,,,,3310000.0,3389000.0,3398000.0,,97.41,,12.09,,8.42,True,,,USD,3310000.0
NMFC,0001496099,0001496099-26-000029,10-Q,2026-06-30,2026-08-03,Diligent Corporation | First lien - Drawn,Diligent Corporation |,Diligent Corporation |,First Lien,,,,872000.0,891000.0,895000.0,,97.43,5.0,8.65,,,False,,,USD,872000.0
NMFC,0001496099,0001496099-26-000029,10-Q,2026-06-30,2026-08-03,Meta Buyer LLC | First lien 1,Meta Buyer LLC |,Meta Buyer LLC |,First Lien,,,,2957000.0,2958000.0,2972000.0,,99.5,5.25,8.93,,,False,,,USD,2957000.0
NMFC,0001496099,0001496099-26-000029,10-Q,2026-06-30,2026-08-03,Meta Buyer LLC | First lien 2,Meta Buyer LLC |,Meta Buyer LLC |,First Lien,,,,406000.0,405000.0,408000.0,,99.51,5.25,8.93,,,False,,,USD,406000.0
NMFC,0001496099,0001496099-26-000029,10-Q,2026-06-30,2026-08-03,Meta Buyer LLC | First lien - Drawn 1,Meta Buyer LLC |,Meta Buyer LLC |,First Lien,,,,175000.0,175000.0,176000.0,,99.43,5.25,8.93,,,False,,,USD,175000.0
NMFC,0001496099,0001496099-26-000029,10-Q,2026-06-30,2026-08-03,Meta Buyer LLC | First lien - Drawn 2,Meta Buyer LLC |,Meta Buyer LLC |,First Lien,,,,123000.0,123000.0,124000.0,,99.19,5.25,8.97,,,False,,,USD,123000.0
NMFC,0001496099,0001496099-26-000029,10-Q,2026-06-30,2026-08-03,"Capstone Borrower, Inc. | First lien",Capstone Borrower,Capstone Borrower,First Lien,,,,3580000.0,3260000.0,3763000.0,,95.14,8.0,8.0,,,False,,,USD,3580000.0
NMFC,0001496099,0001496099-26-000029,10-Q,2026-06-30,2026-08-03,"Logrhythm, Inc. | First lien",Logrhythm,Logrhythm,First Lien,,,,3575000.0,4189000.0,4231000.0,,84.5,1.12,11.16,,6.38,True,,,USD,3575000.0
NMFC,0001496099,0001496099-26-000029,10-Q,2026-06-30,2026-08-03,"Bamboo Health Holdings, LLC (f/k/a Appriss Health, LLC) | First lien","Bamboo Health Holdings, LLC (f/k/a Appriss Health","Bamboo Health Holdings, LLC (f/k/a Appriss Health",First Lien,,,,3046000.0,3041000.0,3046000.0,,100.0,4.75,8.49,,,False,,,USD,3046000.0
NMFC,0001496099,0001496099-26-000029,10-Q,2026-06-30,2026-08-03,"DG Investment Intermediate Holdings 2, Inc. | Second lien",DG Investment Intermediate Holdings 2,DG Investment Intermediate Holdings 2,Second Lien,,,,3024000.0,3010000.0,3024000.0,,100.0,5.5,9.14,,,False,,,USD,3024000.0
NMFC,0001496099,0001496099-26-000029,10-Q,2026-06-30,2026-08-03,PPVA Black Elk (Equity) LLC | Claim,PPVA Black Elk (,PPVA Black Elk (,Equity,,,,2755000.0,14500000.0,14500000.0,,19.0,,,,,False,,,USD,2755000.0
NMFC,0001496099,0001496099-26-000029,10-Q,2026-06-30,2026-08-03,"Convey Health Solutions, Inc. | First lien 1",Convey Health Solutions,Convey Health Solutions,First Lien,,,,1635000.0,13019000.0,13060000.0,,12.52,1.31,9.08,,3.94,True,,,USD,1635000.0
NMFC,0001496099,0001496099-26-000029,10-Q,2026-06-30,2026-08-03,"Convey Health Solutions, Inc. | First lien 2",Convey Health Solutions,Convey Health Solutions,First Lien,,,,273000.0,2168000.0,2181000.0,,12.52,1.31,9.08,,3.94,True,,,USD,273000.0
NMFC,0001496099,0001496099-26-000029,10-Q,2026-06-30,2026-08-03,Mai Capital Management Intermediate LLC | First lien - Drawn,Mai Capital Management Intermediate LLC |,Mai Capital Management Intermediate LLC |,First Lien,,,,1884000.0,1867000.0,1884000.0,,100.0,4.75,8.48,,,False,,,USD,1884000.0
NMFC,0001496099,0001496099-26-000029,10-Q,2026-06-30,2026-08-03,"Community Management Holdings MidCo 2, LLC | First lien",Community Management Holdings MidCo 2,Community Management Holdings MidCo 2,First Lien,,,,1285000.0,1274000.0,1285000.0,,100.0,5.0,8.74,,,False,,,USD,1285000.0
NMFC,0001496099,0001496099-26-000029,10-Q,2026-06-30,2026-08-03,"Community Management Holdings MidCo 2, LLC | First lien - Drawn",Community Management Holdings MidCo 2,Community Management Holdings MidCo 2,First Lien,,,,568000.0,564000.0,568000.0,,100.0,5.0,8.68,,,False,,,USD,568000.0
NMFC,0001496099,0001496099-26-000029,10-Q,2026-06-30,2026-08-03,"RealPage, Inc. | First lien",RealPage,RealPage,First Lien,,,,1846000.0,1834000.0,1958000.0,,94.28,3.75,7.48,,,False,,,USD,1846000.0
NMFC,0001496099,0001496099-26-000029,10-Q,2026-06-30,2026-08-03,DCA TopCo LP | First lien 1,DCA TopCo LP |,DCA TopCo LP |,First Lien,,,,957000.0,957000.0,957000.0,,100.0,4.25,10.16,,2.25,True,,,USD,957000.0
NMFC,0001496099,0001496099-26-000029,10-Q,2026-06-30,2026-08-03,DCA TopCo LP | First lien 2,DCA TopCo LP |,DCA TopCo LP |,First Lien,,,,536000.0,536000.0,536000.0,,100.0,4.25,10.16,,2.25,True,,,USD,536000.0
NMFC,0001496099,0001496099-26-000029,10-Q,2026-06-30,2026-08-03,CoreTrust Purchasing Group LLC | First lien,CoreTrust Purchasing Group LLC |,CoreTrust Purchasing Group LLC |,First Lien,,,,1462000.0,1457000.0,1462000.0,,100.0,5.25,8.89,,,False,,,USD,1462000.0
NMFC,0001496099,0001496099-26-000029,10-Q,2026-06-30,2026-08-03,DT1 Midco Corp | First lien,DT1 Midco Corp |,DT1 Midco Corp |,First Lien,,,,1335000.0,1329000.0,1335000.0,,100.0,5.25,8.9,,,False,,,USD,1335000.0
NMFC,0001496099,0001496099-26-000029,10-Q,2026-06-30,2026-08-03,DT1 Midco Corp | First lien - Drawn,DT1 Midco Corp |,DT1 Midco Corp |,First Lien,,,,32000.0,32000.0,32000.0,,100.0,5.25,8.9,,,False,,,USD,32000.0
NMFC,0001496099,0001496099-26-000029,10-Q,2026-06-30,2026-08-03,"Flash Charm Inc. (fka Idera, Inc.) | Second lien 1",Flash Charm Inc. (fka Idera,Flash Charm Inc. (fka Idera,Second Lien,,,,1154000.0,1873000.0,1884000.0,,61.25,6.75,10.56,,,False,,,USD,1154000.0
NMFC,0001496099,0001496099-26-000029,10-Q,2026-06-30,2026-08-03,"Flash Charm Inc. (fka Idera, Inc.) | Second lien 2",Flash Charm Inc. (fka Idera,Flash Charm Inc. (fka Idera,Second Lien,,,,154000.0,251000.0,251000.0,,61.35,6.75,10.56,,,False,,,USD,154000.0
NMFC,0001496099,0001496099-26-000029,10-Q,2026-06-30,2026-08-03,"Centegix Intermediate II, LLC | First lien",Centegix Intermediate II,Centegix Intermediate II,First Lien,,,,239000.0,239000.0,240000.0,,99.58,2.75,9.64,,3.25,True,,,USD,239000.0
NMFC,0001496099,0001496099-26-000029,10-Q,2026-06-30,2026-08-03,"Reorganized Careismatic Brands, LLC | Trust Claim 1","Reorganized Careismatic Brands, LLC | Trust Claim 1","Reorganized Careismatic Brands, LLC | Trust Claim 1",,,,,152000.0,152000.0,152000.0,,100.0,,,,,False,,,USD,152000.0
NMFC,0001496099,0001496099-26-000029,10-Q,2026-06-30,2026-08-03,"Reorganized Careismatic Brands, LLC | Trust Claim 2","Reorganized Careismatic Brands, LLC | Trust Claim 2","Reorganized Careismatic Brands, LLC | Trust Claim 2",,,,,52000.0,52000.0,52000.0,,100.0,,,,,False,,,USD,52000.0
NMFC,0001496099,0001496099-26-000029,10-Q,2026-06-30,2026-08-03,"PPVA Fund, L.P. | Claim","PPVA Fund, L.P. | Claim","PPVA Fund, L.P. | Claim",,,,,0.0,0.0,0.0,,,,,,,False,,,USD,0.0
NMFC,0001496099,0001496099-26-000029,10-Q,2026-06-30,2026-08-03,Tennessee Bidco Limited | First lien 1,Tennessee Bidco Limited |,Tennessee Bidco Limited |,First Lien,,,,20017000.0,20099000.0,20017000.0,,100.0,3.5,9.08,,2.0,True,,,USD,20017000.0
NMFC,0001496099,0001496099-26-000029,10-Q,2026-06-30,2026-08-03,Tennessee Bidco Limited | First lien 2,Tennessee Bidco Limited |,Tennessee Bidco Limited |,First Lien,,,,16411000.0,16411000.0,16411000.0,,100.0,3.5,9.08,,2.0,True,,,USD,16411000.0
NMFC,0001496099,0001496099-26-000029,10-Q,2026-06-30,2026-08-03,Tennessee Bidco Limited | First lien 3,Tennessee Bidco Limited |,Tennessee Bidco Limited |,First Lien,,,,899000.0,899000.0,899000.0,,100.0,3.5,9.19,,2.0,True,,,USD,899000.0
NMFC,0001496099,0001496099-26-000029,10-Q,2026-06-30,2026-08-03,Ciklum Inc. | First lien 1,Ciklum Inc. |,Ciklum Inc. |,First Lien,,,,9392000.0,9313000.0,9392000.0,,100.0,7.0,10.76,,,False,,,USD,9392000.0
NMFC,0001496099,0001496099-26-000029,10-Q,2026-06-30,2026-08-03,Ciklum Inc. | First lien 2,Ciklum Inc. |,Ciklum Inc. |,First Lien,,,,5312000.0,5259000.0,5312000.0,,100.0,7.0,10.73,,,False,,,USD,5312000.0
NMFC,0001496099,0001496099-26-000029,10-Q,2026-06-30,2026-08-03,Atlas AU Bidco Pty Ltd | First lien 1,Atlas AU Bidco Pty Ltd |,Atlas AU Bidco Pty Ltd |,First Lien,,,,4352000.0,4432000.0,4441000.0,,98.0,4.5,8.16,,,False,,,USD,4352000.0
NMFC,0001496099,0001496099-26-000029,10-Q,2026-06-30,2026-08-03,Atlas AU Bidco Pty Ltd | First lien 2,Atlas AU Bidco Pty Ltd |,Atlas AU Bidco Pty Ltd |,First Lien,,,,3325000.0,3364000.0,3393000.0,,98.0,4.5,8.16,,,False,,,USD,3325000.0
NMFC,0001496099,0001496099-26-000029,10-Q,2026-06-30,2026-08-03,Atlas AU Bidco Pty Ltd | First lien 3,Atlas AU Bidco Pty Ltd |,Atlas AU Bidco Pty Ltd |,First Lien,,,,1295000.0,1313000.0,1322000.0,,97.96,4.5,8.16,,,False,,,USD,1295000.0
NMFC,0001496099,0001496099-26-000029,10-Q,2026-06-30,2026-08-03,"Adelaide Borrower, LLC | First lien",Adelaide Borrower,Adelaide Borrower,First Lien,,,,4748000.0,4746000.0,4780000.0,,99.33,6.0,9.73,,,False,,,USD,4748000.0
NMFC,0001496099,0001496099-26-000029,10-Q,2026-06-30,2026-08-03,"Adelaide Borrower, LLC | First lien - Drawn",Adelaide Borrower,Adelaide Borrower,First Lien,,,,53000.0,53000.0,53000.0,,100.0,6.0,9.74,,,False,,,USD,53000.0
NMFC,0001496099,0001496099-26-000029,10-Q,2026-06-30,2026-08-03,"Matterhorn Finco, Inc., | First lien","Matterhorn Finco, Inc.","Matterhorn Finco, Inc.",First Lien,,,,7943000.0,7944000.0,7982000.0,,99.51,5.5,9.23,,,False,,,USD,7943000.0
NMFC,0001496099,0001496099-26-000029,10-Q,2026-06-30,2026-08-03,"Dealer Tire Holdings, LLC | Preferred Shares",Dealer Tire Holdings,Dealer Tire Holdings,Preferred Equity,,,,25191000.0,27082000.0,27116000.0,16829.0,92.9,,7.0,,7.0,True,,,USD,25191000.0
NMFC,0001496099,0001496099-26-000029,10-Q,2026-06-30,2026-08-03,"Symplr Software Intermediate Holdings, Inc. | Series A Preferred Shares 1",Symplr Software Intermediate Holdings,Symplr Software Intermediate Holdings,Preferred Equity,,,,13922000.0,19636000.0,,7500.0,70.9,,14.33,,10.5,True,,,USD,13922000.0
NMFC,0001496099,0001496099-26-000029,10-Q,2026-06-30,2026-08-03,"Symplr Software Intermediate Holdings, Inc. | Series A Preferred Shares 2",Symplr Software Intermediate Holdings,Symplr Software Intermediate Holdings,Preferred Equity,,,,64000.0,91000.0,,35.0,70.33,,14.33,,10.5,True,,,USD,64000.0
NMFC,0001496099,0001496099-26-000029,10-Q,2026-06-30,2026-08-03,New ACI Holdings LLC | Class A Common Units 1,New ACI Holdings LLC | Class A,New ACI Holdings LLC | Class A,Common Equity,,,,7587000.0,7587000.0,,15321.0,100.0,,,,,False,,,USD,7587000.0
NMFC,0001496099,0001496099-26-000029,10-Q,2026-06-30,2026-08-03,New ACI Holdings LLC | Class A Common Units 2,New ACI Holdings LLC | Class A,New ACI Holdings LLC | Class A,Common Equity,,,,3582000.0,3582000.0,,7233.0,100.0,,,,,False,,,USD,3582000.0
NMFC,0001496099,0001496099-26-000029,10-Q,2026-06-30,2026-08-03,New ACI Holdings LLC | Class B Common Units,New ACI Holdings LLC | Class B,New ACI Holdings LLC | Class B,Common Equity,,,,630000.0,630000.0,,1250.0,100.0,,,,,False,,,USD,630000.0
NMFC,0001496099,0001496099-26-000029,10-Q,2026-06-30,2026-08-03,"HBWM Holdings, LLC | Common Units",HBWM Holdings,HBWM Holdings,Common Equity,,,,10922000.0,4810000.0,,47114.0,227.07,4.0,4.0,,,False,,,USD,10922000.0
NMFC,0001496099,0001496099-26-000029,10-Q,2026-06-30,2026-08-03,Knockout Intermediate Holdings I Inc. | Preferred Shares,Knockout Intermediate Holdings I Inc. |,Knockout Intermediate Holdings I Inc. |,Preferred Equity,,,,9294000.0,14203000.0,,8313.0,65.44,,14.6,,10.75,True,,,USD,9294000.0
NMFC,0001496099,0001496099-26-000029,10-Q,2026-06-30,2026-08-03,"Eclipse Topco Holdings, Inc. (fka Transcendia Holdings, Inc.) | Series A Preferred Shares","Eclipse Topco Holdings, Inc. (fka Transcendia Holdings","Eclipse Topco Holdings, Inc. (fka Transcendia Holdings",Preferred Equity,,,,3835000.0,3835000.0,,2900.0,100.0,,15.0,,15.0,True,,,USD,3835000.0
NMFC,0001496099,0001496099-26-000029,10-Q,2026-06-30,2026-08-03,"Eclipse Topco Holdings, Inc. (fka Transcendia Holdings, Inc.) | Series B Preferred Shares","Eclipse Topco Holdings, Inc. (fka Transcendia Holdings","Eclipse Topco Holdings, Inc. (fka Transcendia Holdings",Preferred Equity,,,,3009000.0,2565000.0,,3691.0,117.31,,11.5,,11.5,True,,,USD,3009000.0
NMFC,0001496099,0001496099-26-000029,10-Q,2026-06-30,2026-08-03,"Eclipse Topco Holdings, Inc. (fka Transcendia Holdings, Inc.) | Ordinary Shares","Eclipse Topco Holdings, Inc. (fka Transcendia Holdings","Eclipse Topco Holdings, Inc. (fka Transcendia Holdings",Common Equity,,,,0.0,145000.0,,290.0,0.0,,,,,False,,,USD,0.0
NMFC,0001496099,0001496099-26-000029,10-Q,2026-06-30,2026-08-03,"FS WhiteWater Holdings, LLC | Ordinary Shares",FS WhiteWater Holdings,FS WhiteWater Holdings,Common Equity,,,,6088000.0,5000000.0,,50000.0,121.76,,,,,False,,,USD,6088000.0
NMFC,0001496099,0001496099-26-000029,10-Q,2026-06-30,2026-08-03,"Notorious Buyer, LLC | Common Stock",Notorious Buyer,Notorious Buyer,Common Equity,,,,5686000.0,7339000.0,,375.0,77.48,,,,,False,,,USD,5686000.0
NMFC,0001496099,0001496099-26-000029,10-Q,2026-06-30,2026-08-03,"IMA Financial Group, Inc. | Class C Common Shares",IMA Financial Group,IMA Financial Group,Common Equity,,,,4411000.0,4411000.0,,20474.0,100.0,,,,,False,,,USD,4411000.0
NMFC,0001496099,0001496099-26-000029,10-Q,2026-06-30,2026-08-03,Firebird Co-Invest L.P. | LP Interest,Firebird Co-Invest L.P. |,Firebird Co-Invest L.P. |,LP Interest,,,,4209000.0,3358000.0,,3358474.0,125.34,,,,,False,,,USD,4209000.0
NMFC,0001496099,0001496099-26-000029,10-Q,2026-06-30,2026-08-03,"Jawbreaker Topco, L.P. | Class A-1 Common Units",Jawbreaker Topco,Jawbreaker Topco,Common Equity,,,,2476000.0,2476000.0,,247609.0,100.0,,,,,False,,,USD,2476000.0
NMFC,0001496099,0001496099-26-000029,10-Q,2026-06-30,2026-08-03,"Eclipse Topco, Inc. | Preferred Shares",Eclipse Topco,Eclipse Topco,Preferred Equity,,,,1632000.0,1620000.0,,131.0,100.74,,12.5,,12.5,True,,,USD,1632000.0
NMFC,0001496099,0001496099-26-000029,10-Q,2026-06-30,2026-08-03,"Pioneer Topco I, L.P. | Class A-2 Common Units",Pioneer Topco I,Pioneer Topco I,Common Equity,,,,1600000.0,2000000.0,,199980.0,80.0,,,,,False,,,USD,1600000.0
NMFC,0001496099,0001496099-26-000029,10-Q,2026-06-30,2026-08-03,DCA TopCo LP  | Class A Common Units 1,DCA TopCo LP  | Class A,DCA TopCo LP  | Class A,Common Equity,,,,617000.0,617000.0,,61641.0,100.0,,,,,False,,,USD,617000.0
NMFC,0001496099,0001496099-26-000029,10-Q,2026-06-30,2026-08-03,DCA TopCo LP  | Class A Common Units 2,DCA TopCo LP  | Class A,DCA TopCo LP  | Class A,Common Equity,,,,345000.0,345000.0,,34536.0,100.0,,,,,False,,,USD,345000.0
NMFC,0001496099,0001496099-26-000029,10-Q,2026-06-30,2026-08-03,Ambrosia Topco LLC | Class A-1 Common Units 1,Ambrosia Topco LLC | Class A-1,Ambrosia Topco LLC | Class A-1,Common Equity,,,,349000.0,1348000.0,,126536.0,25.89,,,,,False,,,USD,349000.0
NMFC,0001496099,0001496099-26-000029,10-Q,2026-06-30,2026-08-03,Ambrosia Topco LLC | Class A-1 Common Units 2,Ambrosia Topco LLC | Class A-1,Ambrosia Topco LLC | Class A-1,Common Equity,,,,337000.0,1300000.0,,122044.0,25.92,,,,,False,,,USD,337000.0
NMFC,0001496099,0001496099-26-000029,10-Q,2026-06-30,2026-08-03,"GEDC Equity, LLC | Participation Interest",GEDC Equity,GEDC Equity,Participation,,,,0.0,190000.0,,190000.0,0.0,,,,,False,,,USD,0.0
NMFC,0001496099,0001496099-26-000029,10-Q,2026-06-30,2026-08-03,"AAC Lender Holdings, LLC | Ordinary Shares",AAC Lender Holdings,AAC Lender Holdings,Common Equity,,,,0.0,0.0,,758.0,,,,,,False,,,USD,0.0
NMFC,0001496099,0001496099-26-000029,10-Q,2026-06-30,2026-08-03,"Ivy Hill Middle Market Credit Fund, Ltd | Structured Finance Obligation","Ivy Hill Middle Market Credit Fund, Ltd | Structured Finance Obligation","Ivy Hill Middle Market Credit Fund, Ltd | Structured Finance Obligation",,,,,3191000.0,3232000.0,3232000.0,,98.73,,,,,False,,,USD,3191000.0
NMFC,0001496099,0001496099-26-000029,10-Q,2026-06-30,2026-08-03,"Reorganized Careismatic Brands, LLC  | Warrants 1",Reorganized Careismatic Brands,Reorganized Careismatic Brands,Warrant,,,,272000.0,182000.0,,138622.0,149.45,,,,,False,,,USD,272000.0
NMFC,0001496099,0001496099-26-000029,10-Q,2026-06-30,2026-08-03,"Reorganized Careismatic Brands, LLC  | Warrants 2",Reorganized Careismatic Brands,Reorganized Careismatic Brands,Warrant,,,,93000.0,62000.0,,47459.0,150.0,,,,,False,,,USD,93000.0
NMFC,0001496099,0001496099-26-000029,10-Q,2026-06-30,2026-08-03,"GS Acquisitionco, Inc. | First lien - Undrawn",GS Acquisitionco,GS Acquisitionco,First Lien,,,,0.0,0.0,3000.0,,,,,,,False,,,USD,0.0
NMFC,0001496099,0001496099-26-000029,10-Q,2026-06-30,2026-08-03,"Community Management Holdings MidCo 2, LLC | First lien - Undrawn",Community Management Holdings MidCo 2,Community Management Holdings MidCo 2,First Lien,,,,0.0,0.0,41000.0,,,,,,,False,,,USD,0.0
NMFC,0001496099,0001496099-26-000029,10-Q,2026-06-30,2026-08-03,"Notorious Topco, LLC | First lien - Undrawn",Notorious Topco,Notorious Topco,First Lien,,,,0.0,0.0,938000.0,,,,,,,False,,,USD,0.0
NMFC,0001496099,0001496099-26-000029,10-Q,2026-06-30,2026-08-03,"DOCS, MSO, LLC | First lien - Undrawn","DOCS, MSO","DOCS, MSO",First Lien,,,,0.0,0.0,2405000.0,,,,,,,False,,,USD,0.0
NMFC,0001496099,0001496099-26-000029,10-Q,2026-06-30,2026-08-03,"TMK Hawk Parent, Corp. | First lien - Undrawn",TMK Hawk Parent,TMK Hawk Parent,First Lien,,,,0.0,0.0,2695000.0,,,,,,,False,,,USD,0.0
NMFC,0001496099,0001496099-26-000029,10-Q,2026-06-30,2026-08-03,Mai Capital Management Intermediate LLC  | First lien - Undrawn 2,Mai Capital Management Intermediate LLC  |,Mai Capital Management Intermediate LLC  |,First Lien,,,,0.0,-2000.0,308000.0,,-0.0,,,,,False,,,USD,0.0
NMFC,0001496099,0001496099-26-000029,10-Q,2026-06-30,2026-08-03,"YLG Holdings, Inc.  | First lien - Undrawn 1",YLG Holdings,YLG Holdings,First Lien,,,,0.0,-1000.0,271000.0,,-0.0,,,,,False,,,USD,0.0
NMFC,0001496099,0001496099-26-000029,10-Q,2026-06-30,2026-08-03,"YLG Holdings, Inc. | First lien - Undrawn 2",YLG Holdings,YLG Holdings,First Lien,,,,0.0,-1000.0,281000.0,,-0.0,,,,,False,,,USD,0.0
NMFC,0001496099,0001496099-26-000029,10-Q,2026-06-30,2026-08-03,"Next Holdco, LLC | First lien - Undrawn",Next Holdco,Next Holdco,First Lien,,,,0.0,-3000.0,339000.0,,-0.0,,,,,False,,,USD,0.0
NMFC,0001496099,0001496099-26-000029,10-Q,2026-06-30,2026-08-03,"Associations, Inc.  | First lien - Undrawn 1",Associations,Associations,First Lien,,,,0.0,-1000.0,1806000.0,,-0.0,,,,,False,,,USD,0.0
NMFC,0001496099,0001496099-26-000029,10-Q,2026-06-30,2026-08-03,"Associations, Inc.  | First lien - Undrawn 2",Associations,Associations,First Lien,,,,0.0,-2000.0,3077000.0,,-0.0,,,,,False,,,USD,0.0
NMFC,0001496099,0001496099-26-000029,10-Q,2026-06-30,2026-08-03,DT1 Midco Corp  | First lien - Undrawn 2,DT1 Midco Corp  |,DT1 Midco Corp  |,First Lien,,,,0.0,-3000.0,674000.0,,-0.0,,,,,False,,,USD,0.0
NMFC,0001496099,0001496099-26-000029,10-Q,2026-06-30,2026-08-03,"Bamboo Health Holdings, LLC (f/k/a Appriss Health, LLC) | First lien - Undrawn","Bamboo Health Holdings, LLC (f/k/a Appriss Health","Bamboo Health Holdings, LLC (f/k/a Appriss Health",First Lien,,,,0.0,-4000.0,417000.0,,-0.0,,,,,False,,,USD,0.0
NMFC,0001496099,0001496099-26-000029,10-Q,2026-06-30,2026-08-03,"Kele Holdco, Inc. | First lien - Undrawn",Kele Holdco,Kele Holdco,First Lien,,,,0.0,-4000.0,720000.0,,-0.0,,,,,False,,,USD,0.0
NMFC,0001496099,0001496099-26-000029,10-Q,2026-06-30,2026-08-03,"RailPros Parent, LLC | First lien - Undrawn 2",RailPros Parent,RailPros Parent,First Lien,,,,0.0,-4000.0,899000.0,,-0.0,,,,,False,,,USD,0.0
NMFC,0001496099,0001496099-26-000029,10-Q,2026-06-30,2026-08-03,"Firebird Acquisition Corp, Inc.  | First lien - Undrawn 2",Firebird Acquisition Corp,Firebird Acquisition Corp,First Lien,,,,0.0,-4000.0,1422000.0,,-0.0,,,,,False,,,USD,0.0
NMFC,0001496099,0001496099-26-000029,10-Q,2026-06-30,2026-08-03,"Wealth Enhancement Group, LLC | First lien - Undrawn",Wealth Enhancement Group,Wealth Enhancement Group,First Lien,,,,0.0,-6000.0,2040000.0,,-0.0,,,,,False,,,USD,0.0
NMFC,0001496099,0001496099-26-000029,10-Q,2026-06-30,2026-08-03,Trinity Air Consultants Holdings Corporation | First lien - Undrawn,Trinity Air Consultants Holdings Corporation |,Trinity Air Consultants Holdings Corporation |,First Lien,,,,0.0,-8000.0,818000.0,,-0.0,,,,,False,,,USD,0.0
NMFC,0001496099,0001496099-26-000029,10-Q,2026-06-30,2026-08-03,"Project Accelerate Parent, LLC | First lien - Undrawn",Project Accelerate Parent,Project Accelerate Parent,First Lien,,,,0.0,-8000.0,1510000.0,,-0.0,,,,,False,,,USD,0.0
NMFC,0001496099,0001496099-26-000029,10-Q,2026-06-30,2026-08-03,"USRP Holdings, Inc. | First lien - Undrawn",USRP Holdings,USRP Holdings,First Lien,,,,0.0,-9000.0,893000.0,,-0.0,,,,,False,,,USD,0.0
NMFC,0001496099,0001496099-26-000029,10-Q,2026-06-30,2026-08-03,"HP TLE Buyer, Inc. | First lien - Undrawn",HP TLE Buyer,HP TLE Buyer,First Lien,,,,0.0,-9000.0,1797000.0,,-0.0,,,,,False,,,USD,0.0
NMFC,0001496099,0001496099-26-000029,10-Q,2026-06-30,2026-08-03,"Healthspan Buyer, LLC | First lien - Undrawn",Healthspan Buyer,Healthspan Buyer,First Lien,,,,0.0,-12000.0,1229000.0,,-0.0,,,,,False,,,USD,0.0
NMFC,0001496099,0001496099-26-000029,10-Q,2026-06-30,2026-08-03,"Fortis Solutions Group, LLC | First lien - Undrawn",Fortis Solutions Group,Fortis Solutions Group,First Lien,,,,0.0,-13000.0,1287000.0,,-0.0,,,,,False,,,USD,0.0
NMFC,0001496099,0001496099-26-000029,10-Q,2026-06-30,2026-08-03,"FS WhiteWater Borrower, LLC | First lien - Undrawn",FS WhiteWater Borrower,FS WhiteWater Borrower,First Lien,,,,0.0,-14000.0,1400000.0,,-0.0,,,,,False,,,USD,0.0
NMFC,0001496099,0001496099-26-000029,10-Q,2026-06-30,2026-08-03,Compsych Investments Corp. | First lien - Undrawn,Compsych Investments Corp. |,Compsych Investments Corp. |,First Lien,,,,0.0,-14000.0,2253000.0,,-0.0,,,,,False,,,USD,0.0
NMFC,0001496099,0001496099-26-000029,10-Q,2026-06-30,2026-08-03,"Icefall Parent, Inc. | First lien - Undrawn",Icefall Parent,Icefall Parent,First Lien,,,,0.0,-17000.0,475000.0,,-0.0,,,,,False,,,USD,0.0
NMFC,0001496099,0001496099-26-000029,10-Q,2026-06-30,2026-08-03,"Sierra Enterprises, LLC | First lien - Undrawn",Sierra Enterprises,Sierra Enterprises,First Lien,,,,0.0,-20000.0,2717000.0,,-0.0,,,,,False,,,USD,0.0
NMFC,0001496099,0001496099-26-000029,10-Q,2026-06-30,2026-08-03,"Foreside Financial Group, LLC |  First lien - Undrawn",Foreside Financial Group,Foreside Financial Group,First Lien,,,,0.0,-22000.0,2218000.0,,-0.0,,,,,False,,,USD,0.0
NMFC,0001496099,0001496099-26-000029,10-Q,2026-06-30,2026-08-03,Infogain Corporation | First lien - Undrawn,Infogain Corporation |,Infogain Corporation |,First Lien,,,,0.0,-27000.0,3593000.0,,-0.0,,,,,False,,,USD,0.0
NMFC,0001496099,0001496099-26-000029,10-Q,2026-06-30,2026-08-03,"GC Waves Holdings, Inc. | First lien - Undrawn",GC Waves Holdings,GC Waves Holdings,First Lien,,,,0.0,-30000.0,3951000.0,,-0.0,,,,,False,,,USD,0.0
NMFC,0001496099,0001496099-26-000029,10-Q,2026-06-30,2026-08-03,Nelipak Holding Company | First lien - Undrawn 3,Nelipak Holding Company |,Nelipak Holding Company |,First Lien,,,,0.0,-10000.0,1366000.0,,-0.0,,,,,False,,,USD,0.0
NMFC,0001496099,0001496099-26-000029,10-Q,2026-06-30,2026-08-03,Nelipak Holding Company | First lien - Undrawn 4,Nelipak Holding Company |,Nelipak Holding Company |,First Lien,,,,0.0,-20000.0,2613000.0,,-0.0,,,,,False,,,USD,0.0
NMFC,0001496099,0001496099-26-000029,10-Q,2026-06-30,2026-08-03,"AAH Topco, LLC | First lien - Undrawn",AAH Topco,AAH Topco,First Lien,,,,0.0,-37000.0,3659000.0,,-0.0,,,,,False,,,USD,0.0
NMFC,0001496099,0001496099-26-000029,10-Q,2026-06-30,2026-08-03,"IG Investments Holdings, LLC | First lien - Undrawn",IG Investments Holdings,IG Investments Holdings,First Lien,,,,0.0,-38000.0,3780000.0,,-0.0,,,,,False,,,USD,0.0
NMFC,0001496099,0001496099-26-000029,10-Q,2026-06-30,2026-08-03,"CentralSquare Technologies, LLC | First lien - Undrawn",CentralSquare Technologies,CentralSquare Technologies,First Lien,,,,0.0,-50000.0,3980000.0,,-0.0,,,,,False,,,USD,0.0
NMFC,0001496099,0001496099-26-000029,10-Q,2026-06-30,2026-08-03,"Coupa Holdings, LLC | First lien - Undrawn",Coupa Holdings,Coupa Holdings,First Lien,,,,-4000.0,-4000.0,330000.0,,100.0,,,,,False,,,USD,-4000.0
NMFC,0001496099,0001496099-26-000029,10-Q,2026-06-30,2026-08-03,"AWP Group Holdings, Inc. | First lien - Undrawn",AWP Group Holdings,AWP Group Holdings,First Lien,,,,-4000.0,-4000.0,1005000.0,,100.0,,,,,False,,,USD,-4000.0
NMFC,0001496099,0001496099-26-000029,10-Q,2026-06-30,2026-08-03,Meta Buyer LLC | First lien - Undrawn 1,Meta Buyer LLC |,Meta Buyer LLC |,First Lien,,,,-2000.0,-1000.0,412000.0,,200.0,,,,,False,,,USD,-2000.0
NMFC,0001496099,0001496099-26-000029,10-Q,2026-06-30,2026-08-03,Meta Buyer LLC | First lien - Undrawn 2,Meta Buyer LLC |,Meta Buyer LLC |,First Lien,,,,-3000.0,0.0,642000.0,,,,,,,False,,,USD,-3000.0
NMFC,0001496099,0001496099-26-000029,10-Q,2026-06-30,2026-08-03,"Centegix Intermediate II, LLC. | First lien - Undrawn",Centegix Intermediate II,Centegix Intermediate II,First Lien,,,,-6000.0,0.0,1177000.0,,,,,,,False,,,USD,-6000.0
NMFC,0001496099,0001496099-26-000029,10-Q,2026-06-30,2026-08-03,"PPV Intermediate Holdings, LLC. | First lien - Undrawn",PPV Intermediate Holdings,PPV Intermediate Holdings,First Lien,,,,-6000.0,-6000.0,316000.0,,100.0,,,,,False,,,USD,-6000.0
NMFC,0001496099,0001496099-26-000029,10-Q,2026-06-30,2026-08-03,"Bullhorn, Inc.. | First lien - Undrawn",Bullhorn,Bullhorn,First Lien,,,,-6000.0,-6000.0,811000.0,,100.0,,,,,False,,,USD,-6000.0
NMFC,0001496099,0001496099-26-000029,10-Q,2026-06-30,2026-08-03,"NC Topco, LLC. | First lien - Undrawn",NC Topco,NC Topco,First Lien,,,,-7000.0,-3000.0,669000.0,,233.33,,,,,False,,,USD,-7000.0
NMFC,0001496099,0001496099-26-000029,10-Q,2026-06-30,2026-08-03,"Digicert, Inc. | First lien - Undrawn",Digicert,Digicert,First Lien,,,,-8000.0,-8000.0,1119000.0,,100.0,,,,,False,,,USD,-8000.0
NMFC,0001496099,0001496099-26-000029,10-Q,2026-06-30,2026-08-03,"Legends Hospitality Holding Company, LLC | First lien - Undrawn",Legends Hospitality Holding Company,Legends Hospitality Holding Company,First Lien,,,,-10000.0,-5000.0,519000.0,,200.0,,,,,False,,,USD,-10000.0
NMFC,0001496099,0001496099-26-000029,10-Q,2026-06-30,2026-08-03,Daxko Acquisition Corporation. | First lien - Undrawn,Daxko Acquisition Corporation. |,Daxko Acquisition Corporation. |,First Lien,,,,-11000.0,-10000.0,986000.0,,110.0,,,,,False,,,USD,-11000.0
NMFC,0001496099,0001496099-26-000029,10-Q,2026-06-30,2026-08-03,Fullsteam Operations LLC | First lien - Undrawn 1,Fullsteam Operations LLC |,Fullsteam Operations LLC |,First Lien,,,,-2000.0,-2000.0,467000.0,,100.0,,,,,False,,,USD,-2000.0
NMFC,0001496099,0001496099-26-000029,10-Q,2026-06-30,2026-08-03,Fullsteam Operations LLC | First lien - Undrawn 2,Fullsteam Operations LLC |,Fullsteam Operations LLC |,First Lien,,,,-10000.0,0.0,2074000.0,,,,,,,False,,,USD,-10000.0
NMFC,0001496099,0001496099-26-000029,10-Q,2026-06-30,2026-08-03,OEConnection LLC | First lien - Undrawn 1,OEConnection LLC |,OEConnection LLC |,First Lien,,,,-7000.0,0.0,495000.0,,,,,,,False,,,USD,-7000.0
NMFC,0001496099,0001496099-26-000029,10-Q,2026-06-30,2026-08-03,OEConnection LLC | First lien - Undrawn 2,OEConnection LLC |,OEConnection LLC |,First Lien,,,,-8000.0,-3000.0,618000.0,,266.67,,,,,False,,,USD,-8000.0
NMFC,0001496099,0001496099-26-000029,10-Q,2026-06-30,2026-08-03,"Jawbreaker Parent, Inc. | First lien - Undrawn 2",Jawbreaker Parent,Jawbreaker Parent,First Lien,,,,-8000.0,-8000.0,1503000.0,,100.0,,,,,False,,,USD,-8000.0
NMFC,0001496099,0001496099-26-000029,10-Q,2026-06-30,2026-08-03,Low Voltage Holdings Inc. | First lien - Undrawn 1,Low Voltage Holdings Inc. |,Low Voltage Holdings Inc. |,First Lien,,,,-3000.0,-3000.0,819000.0,,100.0,,,,,False,,,USD,-3000.0
NMFC,0001496099,0001496099-26-000029,10-Q,2026-06-30,2026-08-03,Low Voltage Holdings Inc. | First lien - Undrawn 2,Low Voltage Holdings Inc. |,Low Voltage Holdings Inc. |,First Lien,,,,-8000.0,-8000.0,2028000.0,,100.0,,,,,False,,,USD,-8000.0
NMFC,0001496099,0001496099-26-000029,10-Q,2026-06-30,2026-08-03,Low Voltage Holdings Inc. | First lien - Undrawn 3,Low Voltage Holdings Inc. |,Low Voltage Holdings Inc. |,First Lien,,,,-10000.0,0.0,2738000.0,,,,,,,False,,,USD,-10000.0
NMFC,0001496099,0001496099-26-000029,10-Q,2026-06-30,2026-08-03,MRI Software LLC | First lien - Undrawn,MRI Software LLC |,MRI Software LLC |,First Lien,,,,-26000.0,-8000.0,1502000.0,,325.0,,,,,False,,,USD,-26000.0
NMFC,0001496099,0001496099-26-000029,10-Q,2026-06-30,2026-08-03,Bonterra LLC | First lien - Undrawn,Bonterra LLC |,Bonterra LLC |,First Lien,,,,-30000.0,-3000.0,1303000.0,,1000.0,,,,,False,,,USD,-30000.0
NMFC,0001496099,0001496099-26-000029,10-Q,2026-06-30,2026-08-03,"Acumatica Holdings, Inc. | First lien - Undrawn",Acumatica Holdings,Acumatica Holdings,First Lien,,,,-31000.0,0.0,9403000.0,,,,,,,False,,,USD,-31000.0
NMFC,0001496099,0001496099-26-000029,10-Q,2026-06-30,2026-08-03,Diligent Corporation  | First lien - Undrawn,Diligent Corporation  |,Diligent Corporation  |,First Lien,,,,-35000.0,-5000.0,1371000.0,,700.0,,,,,False,,,USD,-35000.0
NMFC,0001496099,0001496099-26-000029,10-Q,2026-06-30,2026-08-03,"Model N, Inc. | First lien - Undrawn",Model N,Model N,First Lien,,,,-41000.0,-24000.0,4825000.0,,170.83,,,,,False,,,USD,-41000.0
NMFC,0001496099,0001496099-26-000029,10-Q,2026-06-30,2026-08-03,"TigerConnect, Inc. | First lien - Undrawn",TigerConnect,TigerConnect,First Lien,,,,-42000.0,-43000.0,4267000.0,,97.67,,,,,False,,,USD,-42000.0
NMFC,0001496099,0001496099-26-000029,10-Q,2026-06-30,2026-08-03,Xactly Corporation | First lien - Undrawn,Xactly Corporation |,Xactly Corporation |,First Lien,,,,-56000.0,-10000.0,992000.0,,560.0,,,,,False,,,USD,-56000.0
NMFC,0001496099,0001496099-26-000029,10-Q,2026-06-30,2026-08-03,"Baker Tilly Advisory Group, LP | First lien - Undrawn",Baker Tilly Advisory Group,Baker Tilly Advisory Group,First Lien,,,,-60000.0,-26000.0,3707000.0,,230.77,,,,,False,,,USD,-60000.0
NMFC,0001496099,0001496099-26-000029,10-Q,2026-06-30,2026-08-03,"Logrhythm, Inc. | First lien - Undrawn",Logrhythm,Logrhythm,First Lien,,,,-65000.0,-6000.0,420000.0,,1083.33,,,,,False,,,USD,-65000.0
NMFC,0001496099,0001496099-26-000029,10-Q,2026-06-30,2026-08-03,Eclipse Buyer Inc.| First lien - Undrawn 1,Eclipse Buyer Inc.|,Eclipse Buyer Inc.|,First Lien,,,,-18000.0,0.0,1206000.0,,,,,,,False,,,USD,-18000.0
NMFC,0001496099,0001496099-26-000029,10-Q,2026-06-30,2026-08-03,Eclipse Buyer Inc. | First lien - Undrawn 2,Eclipse Buyer Inc. |,Eclipse Buyer Inc. |,First Lien,,,,-62000.0,-21000.0,4190000.0,,295.24,,,,,False,,,USD,-62000.0
NMFC,0001496099,0001496099-26-000029,10-Q,2026-06-30,2026-08-03,Viper Bidco. Inc. | First lien - Undrawn 1,Viper Bidco. Inc. |,Viper Bidco. Inc. |,First Lien,,,,-36000.0,0.0,1838000.0,,,,,,,False,,,USD,-36000.0
NMFC,0001496099,0001496099-26-000029,10-Q,2026-06-30,2026-08-03,Viper Bidco. Inc. | First lien - Undrawn 2,Viper Bidco. Inc. |,Viper Bidco. Inc. |,First Lien,,,,-65000.0,-17000.0,3320000.0,,382.35,,,,,False,,,USD,-65000.0
NMFC,0001496099,0001496099-26-000029,10-Q,2026-06-30,2026-08-03,"AmeriVet Partners Management, Inc. | First lien - Undrawn",AmeriVet Partners Management,AmeriVet Partners Management,First Lien,,,,-109000.0,-10000.0,1969000.0,,1090.0,,,,,False,,,USD,-109000.0
NMFC,0001496099,0001496099-26-000029,10-Q,2026-06-30,2026-08-03,"Einstein Parent, Inc. | First lien - Undrawn",Einstein Parent,Einstein Parent,First Lien,,,,-138000.0,-57000.0,5750000.0,,242.11,,,,,False,,,USD,-138000.0
NMFC,0001496099,0001496099-26-000029,10-Q,2026-06-30,2026-08-03,"iCIMS, Inc. | First lien - Undrawn",iCIMS,iCIMS,First Lien,,,,-159000.0,-22000.0,2506000.0,,722.73,,,,,False,,,USD,-159000.0
NMFC,0001496099,0001496099-26-000029,10-Q,2026-06-30,2026-08-03,"PetVet Care Centers, LLC | First lien - Undrawn",PetVet Care Centers,PetVet Care Centers,First Lien,,,,-362000.0,-26000.0,2596000.0,,1392.31,,,,,False,,,USD,-362000.0
NMFC,0001496099,0001496099-26-000029,10-Q,2026-06-30,2026-08-03,"Adelaide Borrower, LLC | First lien - Undrawn 1",Adelaide Borrower,Adelaide Borrower,First Lien,,,,-4000.0,-6000.0,613000.0,,66.67,,,,,False,,,USD,-4000.0
NMFC,0001496099,0001496099-26-000029,10-Q,2026-06-30,2026-08-03,"Adelaide Borrower, LLC | First lien - Undrawn 2",Adelaide Borrower,Adelaide Borrower,First Lien,,,,-7000.0,0.0,1048000.0,,,,,,,False,,,USD,-7000.0
NMFC,0001496099,0001496099-26-000029,10-Q,2026-06-30,2026-08-03,Atlas AU Bidco Pty Ltd | First lien - Undrawn,Atlas AU Bidco Pty Ltd |,Atlas AU Bidco Pty Ltd |,First Lien,,,,-16000.0,-6000.0,790000.0,,266.67,,,,,False,,,USD,-16000.0
NMFC,0001496099,0001496099-26-000029,10-Q,2026-06-30,2026-08-03,"Matterhorn Finco, Inc., | First lien - Undrawn","Matterhorn Finco, Inc.","Matterhorn Finco, Inc.",First Lien,,,,-10000.0,-10000.0,1985000.0,,100.0,,,,,False,,,USD,-10000.0
NMFC,0001496099,0001496099-26-000029,10-Q,2026-06-30,2026-08-03,Ciklum Inc. | First lien - Undrawn,Ciklum Inc. |,Ciklum Inc. |,First Lien,,,,0.0,-37000.0,2989000.0,,-0.0,,,,,False,,,USD,0.0
NMFC,0001496099,0001496099-26-000029,10-Q,2026-06-30,2026-08-03,"Edmentum Ultimate Holdings, LLC | Subordinated",Edmentum Ultimate Holdings,Edmentum Ultimate Holdings,Subordinated,,,,29089000.0,29048000.0,29089000.0,,100.0,,17.85,,14.0,True,,,USD,29089000.0
NMFC,0001496099,0001496099-26-000029,10-Q,2026-06-30,2026-08-03,"Eagle Infrastructure Services, LLC (fka FR Arsenal Holdings II Corp.) | First lien 1",Eagle Infrastructure Services,Eagle Infrastructure Services,First Lien,,,,10628000.0,10628000.0,10628000.0,,100.0,7.5,11.38,,,False,,,USD,10628000.0
NMFC,0001496099,0001496099-26-000029,10-Q,2026-06-30,2026-08-03,"Eagle Infrastructure Services, LLC (fka FR Arsenal Holdings II Corp.) | First lien 2",Eagle Infrastructure Services,Eagle Infrastructure Services,First Lien,,,,340000.0,340000.0,340000.0,,100.0,7.5,11.38,,,False,,,USD,340000.0
NMFC,0001496099,0001496099-26-000029,10-Q,2026-06-30,2026-08-03,Permian Trust | Trust Claim,Permian Trust | Trust Claim,Permian Trust | Trust Claim,,,,,0.0,0.0,247000.0,,,,10.0,,10.0,True,,,USD,0.0
NMFC,0001496099,0001496099-26-000029,10-Q,2026-06-30,2026-08-03,Permian Trust | First lien,Permian Trust |,Permian Trust |,First Lien,,,,0.0,0.0,3409000.0,,,,11.0,,10.0,True,,,USD,0.0
NMFC,0001496099,0001496099-26-000029,10-Q,2026-06-30,2026-08-03,"TVG-Edmentum Holdings, LLC | Series C-2 Preferred Units",TVG-Edmentum Holdings,TVG-Edmentum Holdings,Preferred Equity,,,,9385000.0,9385000.0,,3480.0,100.0,,15.0,,15.0,True,,,USD,9385000.0
NMFC,0001496099,0001496099-26-000029,10-Q,2026-06-30,2026-08-03,"TVG-Edmentum Holdings, LLC | Class B-1 Common Shares",TVG-Edmentum Holdings,TVG-Edmentum Holdings,Common Equity,,,,5000000.0,43212000.0,48080000.0,24450.0,10.4,,,,,False,,,USD,5000000.0
NMFC,0001496099,0001496099-26-000029,10-Q,2026-06-30,2026-08-03,"TVG-Edmentum Holdings, LLC | Class B-2 Common Shares",TVG-Edmentum Holdings,TVG-Edmentum Holdings,Common Equity,,,,0.0,24839000.0,29707000.0,24450.0,0.0,,,,,False,,,USD,0.0
NMFC,0001496099,0001496099-26-000029,10-Q,2026-06-30,2026-08-03,"Eagle Infrastructure Super HoldCo, LLC | Ordinary Shares",Eagle Infrastructure Super HoldCo,Eagle Infrastructure Super HoldCo,Common Equity,,,,13510000.0,4104000.0,,72536.0,329.19,,,,,False,,,USD,13510000.0
NMFC,0001496099,0001496099-26-000029,10-Q,2026-06-30,2026-08-03,Sierra Hamilton Holdings Corporation | Ordinary Shares 1,Sierra Hamilton Holdings Corporation |,Sierra Hamilton Holdings Corporation |,Common Equity,,,,1800000.0,11502000.0,,25000000.0,15.65,,,,,False,,,USD,1800000.0
NMFC,0001496099,0001496099-26-000029,10-Q,2026-06-30,2026-08-03,Sierra Hamilton Holdings Corporation | Ordinary Shares 2,Sierra Hamilton Holdings Corporation |,Sierra Hamilton Holdings Corporation |,Common Equity,,,,201000.0,1282000.0,,2786000.0,15.68,,,,,False,,,USD,201000.0
NMFC,0001496099,0001496099-26-000029,10-Q,2026-06-30,2026-08-03,"New Permian Holdco, L.L.C. | First lien - Drawn",New Permian Holdco,New Permian Holdco,First Lien,,,,31479000.0,31479000.0,31479000.0,,100.0,6.0,9.99,,,False,,,USD,31479000.0
NMFC,0001496099,0001496099-26-000029,10-Q,2026-06-30,2026-08-03,"New Permian Holdco, L.L.C. | First lien",New Permian Holdco,New Permian Holdco,First Lien,,,,23336000.0,23336000.0,23336000.0,,100.0,9.0,12.99,,,False,,,USD,23336000.0
NMFC,0001496099,0001496099-26-000029,10-Q,2026-06-30,2026-08-03,"New Benevis Holdco, Inc. | First lien",New Benevis Holdco,New Benevis Holdco,First Lien,,,,25643000.0,25643000.0,25643000.0,,100.0,,12.0,,12.0,True,,,USD,25643000.0
NMFC,0001496099,0001496099-26-000029,10-Q,2026-06-30,2026-08-03,"New Benevis Holdco, Inc. | Subordinated",New Benevis Holdco,New Benevis Holdco,Subordinated,,,,28541000.0,28402000.0,28541000.0,,100.0,,12.0,,12.0,True,,,USD,28541000.0
NMFC,0001496099,0001496099-26-000029,10-Q,2026-06-30,2026-08-03,NMFC Senior Loan Program III LLC | Membership Interest,NMFC Senior Loan Program III LLC |,NMFC Senior Loan Program III LLC |,LLC Interest,,,,157872000.0,160000000.0,,,98.67,,,,,False,,,USD,157872000.0
NMFC,0001496099,0001496099-26-000029,10-Q,2026-06-30,2026-08-03,"NM NL Holdings, L.P. | Membership Interest",NM NL Holdings,NM NL Holdings,LLC Interest,,,,112303000.0,76444000.0,,,146.91,,,,,False,,,USD,112303000.0
NMFC,0001496099,0001496099-26-000029,10-Q,2026-06-30,2026-08-03,NMFC Senior Loan Program IV LLC | Membership Interest,NMFC Senior Loan Program IV LLC |,NMFC Senior Loan Program IV LLC |,LLC Interest,,,,105532000.0,112400000.0,,,93.89,,,,,False,,,USD,105532000.0
NMFC,0001496099,0001496099-26-000029,10-Q,2026-06-30,2026-08-03,"UniTek Global Services, Inc. | Preferred Shares 1",UniTek Global Services,UniTek Global Services,Preferred Equity,,,,71095000.0,67771000.0,,71095414.0,104.9,,20.0,,20.0,True,,,USD,71095000.0
NMFC,0001496099,0001496099-26-000029,10-Q,2026-06-30,2026-08-03,"UniTek Global Services, Inc. | Preferred Shares 2",UniTek Global Services,UniTek Global Services,Preferred Equity,,,,18434000.0,29318000.0,,80994293.0,62.88,,,,,False,,,USD,18434000.0
NMFC,0001496099,0001496099-26-000029,10-Q,2026-06-30,2026-08-03,"UniTek Global Services, Inc. | Preferred Shares 3",UniTek Global Services,UniTek Global Services,Preferred Equity,,,,0.0,26946000.0,,29326545.0,0.0,,,,,False,,,USD,0.0
NMFC,0001496099,0001496099-26-000029,10-Q,2026-06-30,2026-08-03,"UniTek Global Services, Inc. | Preferred Shares 4",UniTek Global Services,UniTek Global Services,Preferred Equity,,,,0.0,7447000.0,,141354439.0,0.0,,,,,False,,,USD,0.0
NMFC,0001496099,0001496099-26-000029,10-Q,2026-06-30,2026-08-03,"UniTek Global Services, Inc. | Ordinary Shares 1",UniTek Global Services,UniTek Global Services,Common Equity,,,,0.0,1925000.0,,2096477.0,0.0,,,,,False,,,USD,0.0
NMFC,0001496099,0001496099-26-000029,10-Q,2026-06-30,2026-08-03,"UniTek Global Services, Inc. | Ordinary Shares 2",UniTek Global Services,UniTek Global Services,Common Equity,,,,0.0,532000.0,,10697948.0,0.0,,,,,False,,,USD,0.0
NMFC,0001496099,0001496099-26-000029,10-Q,2026-06-30,2026-08-03,"New Benevis Topco, LLC | Common Stock 1",New Benevis Topco,New Benevis Topco,Common Equity,,,,24446000.0,27154000.0,,325516.0,90.03,,,,,False,,,USD,24446000.0
NMFC,0001496099,0001496099-26-000029,10-Q,2026-06-30,2026-08-03,"New Benevis Topco, LLC | Common Stock 2",New Benevis Topco,New Benevis Topco,Common Equity,,,,11457000.0,12768000.0,,152548.0,89.73,,,,,False,,,USD,11457000.0
NMFC,0001496099,0001496099-26-000029,10-Q,2026-06-30,2026-08-03,"New Permian Holdco, Inc. | Ordinary Shares",New Permian Holdco,New Permian Holdco,Common Equity,,,,11000000.0,11155000.0,,100.0,98.61,,,,,False,,,USD,11000000.0
NMFC,0001496099,0001496099-26-000029,10-Q,2026-06-30,2026-08-03,"NM YI, LLC | Membership Interest",NM YI,NM YI,LLC Interest,,,,8687000.0,6272000.0,,,138.5,,,,,False,,,USD,8687000.0
NMFC,0001496099,0001496099-26-000029,10-Q,2026-06-30,2026-08-03,"NM GP Holdco, LLC | Membership Interest",NM GP Holdco,NM GP Holdco,LLC Interest,,,,418000.0,907000.0,,,46.09,,,,,False,,,USD,418000.0
NMFC,0001496099,0001496099-26-000029,10-Q,2026-06-30,2026-08-03,"New Permian Holdco, L.L.C. | First lien - Undrawn",New Permian Holdco,New Permian Holdco,First Lien,,,,0.0,0.0,415000.0,,,,,,,False,,,USD,0.0
NMFC,0001496099,0001496099-26-000029,10-Q,2026-06-30,2026-08-03,"Eagle Infrastructure Services, LLC (fka FR Arsenal Holdings II Corp.) / Eagle Infrastructure Super HoldCo, LLC","Eagle Infrastructure Services, LLC (fka FR Arsenal Holdings II Corp.) / Eagle Infrastructure Super HoldCo, LLC","Eagle Infrastructure Services, LLC (fka FR Arsenal Holdings II Corp.) / Eagle Infrastructure Super HoldCo, LLC",,,,,24478000.0,,,,,,,,,False,,,USD,24478000.0
NMFC,0001496099,0001496099-26-000029,10-Q,2026-06-30,2026-08-03,Sierra Hamilton Holdings Corporation,Sierra Hamilton Holdings Corporation,Sierra Hamilton Holdings Corporation,,,,,2000000.0,,,,,,,,,False,,,USD,2000000.0
NMFC,0001496099,0001496099-26-000029,10-Q,2026-06-30,2026-08-03,"TVG-Edmentum Holdings, LLC / Edmentum Ultimate Holdings, LLC","TVG-Edmentum Holdings, LLC / Edmentum Ultimate Holdings, LLC","TVG-Edmentum Holdings, LLC / Edmentum Ultimate Holdings, LLC",,,,,43475000.0,,,,,,,,,False,,,USD,43475000.0
NMFC,0001496099,0001496099-26-000029,10-Q,2026-06-30,2026-08-03,"National HME, Inc./NHME Holdings Corp.","National HME, Inc./NHME Holdings Corp.","National HME, Inc./NHME Holdings Corp.",,,,,0.0,,,,,,,,,False,,,USD,0.0
NMFC,0001496099,0001496099-26-000029,10-Q,2026-06-30,2026-08-03,"New Benevis Topco, LLC / New Benevis Holdco, Inc.","New Benevis Topco, LLC / New Benevis Holdco, Inc.","New Benevis Topco, LLC / New Benevis Holdco, Inc.",,,,,90087000.0,,,,,,,,,False,,,USD,90087000.0
NMFC,0001496099,0001496099-26-000029,10-Q,2026-06-30,2026-08-03,NM YI LLC,NM YI LLC,NM YI LLC,,,,,8687000.0,,,,,,,,,False,,,USD,8687000.0
NMFC,0001496099,0001496099-26-000029,10-Q,2026-06-30,2026-08-03,NMFC Senior Loan Program III LLC,NMFC Senior Loan Program III LLC,NMFC Senior Loan Program III LLC,,,,,157872000.0,,,,,,,,,False,,,USD,157872000.0
NMFC,0001496099,0001496099-26-000029,10-Q,2026-06-30,2026-08-03,NMFC Senior Loan Program IV LLC,NMFC Senior Loan Program IV LLC,NMFC Senior Loan Program IV LLC,,,,,105532000.0,,,,,,,,,False,,,USD,105532000.0
NMFC,0001496099,0001496099-26-000029,10-Q,2026-06-30,2026-08-03,PPVA Black Elk (Equity) LLC | Subordinated,PPVA Black Elk (Equity) LLC |,PPVA Black Elk (Equity) LLC |,Subordinated,,,,2755000.0,14500000.0,,,19.0,,,,,False,,,USD,2755000.0
